Workbook

Sheet Коди
A1: Дисципліна | B1: ПІБ викладача | C1: Код від клас рум | D1: Посилання на пару
A2: Фізичне виховання | B2: Тарнавський А.М. | C2: jpfvrsu7 | D2: https://meet.google.com/wsj-kptu-mdc
A3: Архітектура комп'ютерів | B3: Науменко П.В. | C3: 3po3mkph | D3: https://meet.google.com/der-ikqk-ttx?authuser=0&pli=1
A4: Комп`ютерна логіка | B4: Науменко П.В. | C4: jpatsiyd | D4: https://meet.google.com/qhf-gkjm-ssj?authuser=0
A5: Основи програмної інженерії | B5: Науменко П.В. | C5: kchbw2ur | D5: https://meet.google.com/ptm-sczv-xwz?authuser=0&pli=1
A6: Технічне обслуговування ЕОМ | B6: Науменко П.В. | C6: pdcuo6d2 | D6: https://meet.google.com/vck-hqkh-zqm?authuser=0&pli=1
A7: Дискретна математика | B7: Казмірчук О.І. | C7: nekmgfmh | D7: https://meet.google.com/ubd-wwuj-fjs
A8: Теорія ймовірності та математична статистика | B8: Казмірчук О. І. | C8: 63yhcccr | D8: https://meet.google.com/uwa-vwpb-yjw
A9: Системне програмування | B9: Порохня І.М. | C9: ty73cgt | D9: https://meet.google.com/bnq-tajj-tjd
A10: Огранізація баз даних | B10: Порохня І.М. | C10: rhtadrh6 | D10: https://meet.google.com/zqh-wocn-fxp
A11: Компʼютерні мережі | B11: Коваль А.М | D11: https://meet.google.com/bjb-mpgg-jzq
A12: Соціологія | B12: Лбченко Л.В | C12: jbn7j2h3 | D12: https://meet.google.com/gfh-jjjy-qip
A14: Синхронно

Sheet Звітність 1 семестр
B1: Дисципліна | D1: Дискретна математика | E1: Архітектура комп'ютерів | F1: Комп'ютерна логіка | G1: Комп'ютерні мережі | H1: Організація баз даних | I1: Основи програмної інженерії | J1: Системне програмування | K1: Технічне обслуговування ЕОМ | L1: Фізичне виховання | M1: Технологічна практика | N1: середній бал | O1: додаткові бали | P1: Рейтинговий бал
B2: екзамен/залік/ КП/ КР/ | D2: залік | E2: екзамен | F2: екзамен | G2: семестрова | H2: семестрова | J2: екзамен | K2: семестрова | L2: залік | M2: залік
A3: № | B3: ПІБ студента
A4: 1 | B4: Гриценко Денис Сергійович | C4: к | D4: ='Дискретна математика'!AE4 -> н/а | E4: ='Архітектура компютерів'!AF4 -> н/д | F4: ='Компютерна логіка'!AU4 -> н/д | G4: ='Компютерні мережі'!AE4 -> н/а | H4: ='Організація баз даних'!AE4 -> 3 | I4: ='Основи програмної інженерії'!AE4 -> н/а | J4: ='Системне програмування'!R4 -> н/д | K4: ='Технічне обслуговування ЕОМ'!AE4 -> н/а | L4: ='Фізичне виховання'!R4 -> 3.5 | M4: 3 | N4: =sum(D4:M4)/10 -> 0.95 | P4: =N4*0.9+O4*0.1 -> 0.855 | Q4: відрахований наказ №17-с/к від 27.02.2026
A5: 2 | B5: Гришков Едуард Сергійович | C5: к | D5: ='Дискретна математика'!AE5 -> н/а | E5: 3 | F5: ='Компютерна логіка'!AU5 -> н/д | G5: ='Компютерні мережі'!AE5 -> н/а | H5: ='Організація баз даних'!AE5 -> н/а | I5: ='Основи програмної інженерії'!AE5 -> н/а | J5: ='Системне програмування'!R5 -> н/д | K5: ='Технічне обслуговування ЕОМ'!AE5 -> н/а | L5: ='Фізичне виховання'!R5 -> н/а | M5: 2 | N5: =sum(D5:M5)/10 -> 0.5 | P5: =N5*0.9+O5*0.1 -> 0.45 | Q5: відрахований наказ №29-с/к від 27.03.26
A6: 3 | B6: Дворник Іван Миколайович | C6: УБД | D6: ='Дискретна математика'!AE6 -> 3 | E6: ='Архітектура компютерів'!AF6 -> 4 | F6: ='Компютерна логіка'!AU6 -> 4 | G6: ='Компютерні мережі'!AE6 -> 3 | H6: ='Організація баз даних'!AE6 -> 3 | I6: ='Основи програмної інженерії'!AE6 -> 3 | J6: ='Системне програмування'!R6 -> 4 | K6: ='Технічне обслуговування ЕОМ'!AE6 -> н/а | L6: ='Фізичне виховання'!R6 -> 3 | M6: 5 | N6: =sum(D6:M6)/10 -> 3.2 | P6: =N6*0.9+O6*0.1 -> 2.88
A7: 4 | B7: Демченко Максим Сергійович | C7: к | D7: ='Дискретна математика'!AE7 -> н/а | E7: ='Архітектура компютерів'!AF7 -> н/д | F7: ='Компютерна логіка'!AU7 -> н/д | G7: ='Компютерні мережі'!AE7 -> н/а | H7: ='Організація баз даних'!AE7 -> н/а | I7: ='Основи програмної інженерії'!AE7 -> н/а | J7: ='Системне програмування'!R7 -> н/д | K7: ='Технічне обслуговування ЕОМ'!AE7 -> н/а | L7: ='Фізичне виховання'!R7 -> н/а | M7: н/а | N7: =sum(D7:M7)/10 -> 0 | P7: =N7*0.9+O7*0.1 -> 0 | Q7: відрахований наказ №15-с/к від 18.02.2026
A8: 5 | B8: Івахненко Олександр Олександрович | D8: ='Дискретна математика'!AE8 -> н/а | E8: ='Архітектура компютерів'!AF8 -> н/д | F8: ='Компютерна логіка'!AU8 -> н/д | G8: ='Компютерні мережі'!AE8 -> н/а | H8: ='Організація баз даних'!AE8 -> н/а | I8: ='Основи програмної інженерії'!AE8 -> н/а | J8: ='Системне програмування'!R8 -> н/д | K8: ='Технічне обслуговування ЕОМ'!AE8 -> н/а | L8: ='Фізичне виховання'!R8 -> н/а | M8: 2 | N8: =sum(D8:M8)/10 -> 0.2 | P8: =N8*0.9+O8*0.1 -> 0.18 | Q8: академічна відпустка наказ №14-с/к від 16.02.26
A9: 6 | B9: Ішков Леонід Вікторович | C9: ВПО | D9: ='Дискретна математика'!AE9 -> 4 | E9: ='Архітектура компютерів'!AF9 -> 5 | F9: ='Компютерна логіка'!AU9 -> 5 | G9: ='Компютерні мережі'!AE9 -> 5 | H9: ='Організація баз даних'!AE9 -> 5 | I9: ='Основи програмної інженерії'!AE9 -> 5 | J9: ='Системне програмування'!R9 -> 5 | K9: ='Технічне обслуговування ЕОМ'!AE9 -> 4 | L9: ='Фізичне виховання'!R9 -> 4.6 | M9: 5 | N9: =sum(D9:M9)/10 -> 4.76 | P9: =N9*0.9+O9*0.1 -> 4.284
A10: 7 | B10: Каратаєв Данііл Сергійович | C10: к | D10: ='Дискретна математика'!AE10 -> 3 | E10: 3 | F10: ='Компютерна логіка'!AU10 -> 4 | G10: ='Компютерні мережі'!AE10 -> 3 | H10: ='Організація баз даних'!AE10 -> 3 | I10: 4 | J10: ='Системне програмування'!R10 -> 4 | K10: 3 | L10: ='Фізичне виховання'!R10 -> 3 | M10: 4 | N10: =sum(D10:M10)/10 -> 3.4 | P10: =N10*0.9+O10*0.1 -> 3.06
A11: 8 | B11: Кисляков Дмитро Олександрович | D11: ='Дискретна математика'!AE11 -> 4 | E11: ='Архітектура компютерів'!AF11 -> 5 | F11: ='Компютерна логіка'!AU11 -> 4 | G11: ='Компютерні мережі'!AE11 -> 5 | H11: ='Організація баз даних'!AE11 -> 5 | I11: 4 | J11: ='Системне програмування'!R11 -> 5 | K11: ='Технічне обслуговування ЕОМ'!AE11 -> 4 | L11: ='Фізичне виховання'!R11 -> 4.625 | M11: 5 | N11: =sum(D11:M11)/10 -> 4.5625 | P11: =N11*0.9+O11*0.1 -> 4.10625
A12: 9 | B12: Ковальчук Арсеній Борисович | C12: к | D12: ='Дискретна математика'!AE12 -> н/а | E12: ='Архітектура компютерів'!AF12 -> н/д | F12: ='Компютерна логіка'!AU12 -> н/д | G12: ='Компютерні мережі'!AE12 -> н/а | H12: ='Організація баз даних'!AE12 -> н/а | I12: ='Основи програмної інженерії'!AE12 -> н/а | J12: ='Системне програмування'!R12 -> н/д | K12: ='Технічне обслуговування ЕОМ'!AE12 -> н/а | L12: ='Фізичне виховання'!R12 -> н/а | M12: 2 | N12: =sum(D12:M12)/10 -> 0.2 | P12: =N12*0.9+O12*0.1 -> 0.18 | Q12: відрахований наказ №17-с/к від 27.02.2026
A13: 10 | B13: Кутєхов Назарій Олександрович | C13: к | D13: ='Дискретна математика'!AE13 -> н/а | E13: 3 | F13: 3 | G13: ='Компютерні мережі'!AE13 -> н/а | H13: ='Організація баз даних'!AE13 -> н/а | I13: 3 | J13: ='Системне програмування'!R13 -> н/д | K13: 3 | L13: 3 | M13: 2 | N13: =sum(D13:M13)/10 -> 1.7 | P13: =N13*0.9+O13*0.1 -> 1.53
A14: 11 | B14: Малюк Нікіта Сергійович | C14: УБД | D14: ='Дискретна математика'!AE14 -> 3 | E14: ='Архітектура компютерів'!AF14 -> 4 | F14: ='Компютерна логіка'!AU14 -> 3 | G14: ='Компютерні мережі'!AE14 -> 3 | H14: ='Організація баз даних'!AE14 -> 4 | I14: ='Основи програмної інженерії'!AE14 -> 3 | J14: ='Системне програмування'!R14 -> 3 | K14: ='Технічне обслуговування ЕОМ'!AE14 -> н/а | L14: ='Фізичне виховання'!R14 -> 4.5 | M14: 4 | N14: =sum(D14:M14)/10 -> 3.15 | P14: =N14*0.9+O14*0.1 -> 2.835
A15: 12 | B15: Мезенцев Кирило Анатолійович | C15: к | D15: ='Дискретна математика'!AE15 -> н/а | E15: ='Архітектура компютерів'!AF15 -> н/д | F15: ='Компютерна логіка'!AU15 -> н/д | G15: ='Компютерні мережі'!AE15 -> н/а | H15: ='Організація баз даних'!AE15 -> н/а | I15: ='Основи програмної інженерії'!AE15 -> н/а | J15: ='Системне програмування'!R15 -> н/д | K15: ='Технічне обслуговування ЕОМ'!AE15 -> н/а | L15: ='Фізичне виховання'!R15 -> н/а | M15: 2 | N15: =sum(D15:M15)/10 -> 0.2 | P15: =N15*0.9+O15*0.1 -> 0.18 | Q15: відрахований наказ №18-с/к від 04.03.26
A16: 13 | B16: Надіров Расім Аріфович | C16: УБД | D16: ='Дискретна математика'!AE16 -> н/а | E16: ='Архітектура компютерів'!AF16 -> н/д | F16: ='Компютерна логіка'!AU16 -> н/д | G16: ='Компютерні мережі'!AE16 -> н/а | H16: ='Організація баз даних'!AE16 -> н/а | I16: ='Основи програмної інженерії'!AE16 -> н/а | J16: ='Системне програмування'!R16 -> н/д | K16: ='Технічне обслуговування ЕОМ'!AE16 -> н/а | L16: ='Фізичне виховання'!R16 -> н/а | M16: 3 | N16: =sum(D16:M16)/10 -> 0.3 | P16: =N16*0.9+O16*0.1 -> 0.27 | Q16: академічна відпустка наказ №16-с/к від 25.02.26
A17: 14 | B17: Онищенко Ярослав Віталійович | C17: к | D17: ='Дискретна математика'!AE17 -> н/а | E17: н/а | F17: ='Компютерна логіка'!AU17 -> н/д | G17: ='Компютерні мережі'!AE17 -> н/а | H17: ='Організація баз даних'!AE17 -> н/а | I17: ='Основи програмної інженерії'!AE17 -> н/а | J17: ='Системне програмування'!R17 -> н/д | K17: ='Технічне обслуговування ЕОМ'!AE17 -> н/а | L17: ='Фізичне виховання'!R17 -> н/а | M17: н/а | N17: =sum(D17:M17)/10 -> 0 | P17: =N17*0.9+O17*0.1 -> 0 | Q17: відрахований наказ №17-с/к від 27.02.2026
A18: 15 | B18: Павлюк Дмитро Ігорович | C18: к | D18: ='Дискретна математика'!AE18 -> н/а | E18: ='Архітектура компютерів'!AF18 -> н/д | F18: ='Компютерна логіка'!AU18 -> н/д | G18: ='Компютерні мережі'!AE18 -> н/а | H18: ='Організація баз даних'!AE18 -> н/а | I18: ='Основи програмної інженерії'!AE18 -> н/а | J18: ='Системне програмування'!R18 -> н/д | K18: ='Технічне обслуговування ЕОМ'!AE18 -> н/а | L18: 3 | M18: 3 | N18: =sum(D18:M18)/10 -> 0.6 | P18: =N18*0.9+O18*0.1 -> 0.54 | Q18: відрахований наказ №26-с/к від 17.03.2026
A19: 16 | B19: Плетій Андрій Анатолійович | C19: к | D19: ='Дискретна математика'!AE19 -> н/а | E19: ='Архітектура компютерів'!AF19 -> н/д | F19: ='Компютерна логіка'!AU19 -> н/д | G19: ='Компютерні мережі'!AE19 -> н/а | H19: ='Організація баз даних'!AE19 -> н/а | I19: ='Основи програмної інженерії'!AE19 -> н/а | J19: ='Системне програмування'!R19 -> н/д | K19: ='Технічне обслуговування ЕОМ'!AE19 -> н/а | L19: ='Фізичне виховання'!R19 -> н/а | M19: 2 | N19: =sum(D19:M19)/10 -> 0.2 | P19: =N19*0.9+O19*0.1 -> 0.18 | Q19: відрахований наказ №18-с/к від 04.03.26
A20: 17 | B20: Портаненко Гліб Олександрович | C20: ВПО | D20: ='Дискретна математика'!AE20 -> 3 | E20: ='Архітектура компютерів'!AF20 -> 3 | F20: ='Компютерна логіка'!AU20 -> 3 | G20: ='Компютерні мережі'!AE20 -> 3 | H20: ='Організація баз даних'!AE20 -> 3 | I20: 3 | J20: ='Системне програмування'!R20 -> н/д | K20: 3 | L20: 3 | M20: 3 | N20: =sum(D20:M20)/10 -> 2.7 | P20: =N20*0.9+O20*0.1 -> 2.43
A21: 18 | B21: Ткаченко Кирило Сергійович | C21: к | D21: ='Дискретна математика'!AE21 -> 2 | E21: ='Архітектура компютерів'!AF21 -> 3 | F21: ='Компютерна логіка'!AU21 -> 3 | G21: ='Компютерні мережі'!AE21 -> 4 | H21: ='Організація баз даних'!AE21 -> 4 | I21: 3 | J21: ='Системне програмування'!R21 -> 3 | K21: 3 | L21: ='Фізичне виховання'!R21 -> 3.75 | M21: 4 | N21: =sum(D21:M21)/10 -> 3.275 | P21: =N21*0.9+O21*0.1 -> 2.9475
A22: 19 | B22: Царюк Єгор Андрійович | C22: к | D22: ='Дискретна математика'!AE22 -> 3 | E22: ='Архітектура компютерів'!AF22 -> 3 | F22: ='Компютерна логіка'!AU22 -> 4 | G22: ='Компютерні мережі'!AE22 -> 4 | H22: ='Організація баз даних'!AE22 -> 5 | I22: ='Основи програмної інженерії'!AE22 -> 3 | J22: ='Системне програмування'!R22 -> 5 | K22: 3 | L22: ='Фізичне виховання'!R22 -> 3.8 | M22: 4 | N22: =sum(D22:M22)/10 -> 3.78 | P22: =N22*0.9+O22*0.1 -> 3.402

Sheet Звітність 2 семестр
B1: Дисципліна | D1: Економіка і планування виробництва | E1: Захист інформації та безпека ПК | F1: Комп'ютерні мережі | G1: Організація баз даних | H1: Основи програмної інженерії | I1: Теорія ймовірності та математична статистика | J1: Соціологія | K1: Технічне обслуговування ЕОМ | L1: Технічне обслуговування ЕОМ | M1: Переддипломна практика | N1: середній бал | O1: додаткові бали | P1: Рейтинговий бал
B2: екзамен/залік/ КП/ КР/ | D2: екзамен | E2: залік | F2: екзамен | H2: залік | I2: залік | J2: залік | K2: курсова | L2: екзамен | M2: залік
A3: № | B3: ПІБ студента
A4: 3 | B4: Дворник Іван Миколайович | D4: ='Економіка і планування виробниц'!AW6 -> 3 | E4: ='Захист інформації та безпека ПК'!U6 -> 3 | F4: ='Компютерні мережі'!CC6 -> 3 | G4: ='Організація баз даних'!BM6 -> 3 | H4: ='Основи програмної інженерії'!BM6 -> 4 | I4: ='Теорія ймовірності та математич'!AI6 -> 3 | J4: ='Соціологія'!AE6 -> 3 | K4: ='Технічне обслуговування ЕОМ'!BM6 -> 3 | L4: ='Технічне обслуговування ЕОМ'!BO6 -> 3 | M4: 5 | N4: =sum(D4:L4)/10 -> 2.8 | P4: =N4*0.9+O4*0.1 -> 2.52
A5: 6 | B5: Ішков Леонід Вікторович | D5: ='Економіка і планування виробниц'!AW9 -> 5 | E5: ='Захист інформації та безпека ПК'!U9 -> 5 | F5: ='Компютерні мережі'!CC9 -> 5 | G5: ='Організація баз даних'!BM9 -> 5 | H5: ='Основи програмної інженерії'!BM9 -> 5 | I5: ='Теорія ймовірності та математич'!AI9 -> 4 | J5: ='Соціологія'!AE9 -> 5 | K5: ='Технічне обслуговування ЕОМ'!BM9 -> 5 | L5: ='Технічне обслуговування ЕОМ'!BO9 -> 5 | M5: 5 | N5: =sum(D5:L5)/10 -> 4.4 | P5: =N5*0.9+O5*0.1 -> 3.96
A6: 7 | B6: Каратаєв Данііл Сергійович | D6: ='Економіка і планування виробниц'!AW10 -> 4 | E6: ='Захист інформації та безпека ПК'!U10 -> 3 | F6: ='Компютерні мережі'!CC10 -> 3 | G6: ='Організація баз даних'!BM10 -> 3 | H6: ='Основи програмної інженерії'!BM10 -> 4 | I6: ='Теорія ймовірності та математич'!AI10 -> 3 | J6: ='Соціологія'!AE10 -> 5 | K6: ='Технічне обслуговування ЕОМ'!BM10 -> 5 | L6: ='Технічне обслуговування ЕОМ'!BO10 -> 5 | M6: 3 | N6: =sum(D6:L6)/10 -> 3.5 | P6: =N6*0.9+O6*0.1 -> 3.15
A7: 8 | B7: Кисляков Дмитро Олександрович | D7: ='Економіка і планування виробниц'!AW11 -> 4 | E7: ='Захист інформації та безпека ПК'!U11 -> 4 | F7: ='Компютерні мережі'!CC11 -> 5 | G7: ='Організація баз даних'!BM11 -> 5 | H7: ='Основи програмної інженерії'!BM11 -> 5 | I7: ='Теорія ймовірності та математич'!AI11 -> 4 | J7: ='Соціологія'!AE11 -> 4 | K7: ='Технічне обслуговування ЕОМ'!BM11 -> 5 | L7: ='Технічне обслуговування ЕОМ'!BO11 -> 5 | M7: 5 | N7: =sum(D7:L7)/10 -> 4.1 | P7: =N7*0.9+O7*0.1 -> 3.69
A8: 10 | B8: Кутєхов Назарій Олександрович | D8: ='Економіка і планування виробниц'!AW13 -> н/д | E8: ='Захист інформації та безпека ПК'!U13 -> н/а | F8: ='Компютерні мережі'!CC13 -> н/а | G8: ='Організація баз даних'!BM13 -> н/а | H8: ='Основи програмної інженерії'!BM13 -> 3 | I8: ='Теорія ймовірності та математич'!AI13 -> 3 | J8: ='Соціологія'!AE13 -> 4 | K8: ='Технічне обслуговування ЕОМ'!BM13 -> 4 | L8: ='Технічне обслуговування ЕОМ'!BO13 -> 4 | N8: =sum(D8:L8)/10 -> 1.8 | P8: =N8*0.9+O8*0.1 -> 1.62 | Q8: академічна відпустка наказ №42-с/к від 01.05.26
A9: 11 | B9: Малюк Нікіта Сергійович | D9: ='Економіка і планування виробниц'!AW14 -> 3 | E9: ='Захист інформації та безпека ПК'!U14 -> 3 | F9: ='Компютерні мережі'!CC14 -> 3 | G9: ='Організація баз даних'!BM14 -> 3 | H9: ='Основи програмної інженерії'!BM14 -> 3 | I9: ='Теорія ймовірності та математич'!AI14 -> 3 | J9: 3 | K9: ='Технічне обслуговування ЕОМ'!BM14 -> 3 | L9: ='Технічне обслуговування ЕОМ'!BO14 -> 3 | M9: 4 | N9: =sum(D9:L9)/10 -> 2.7 | P9: =N9*0.9+O9*0.1 -> 2.43
A10: 17 | B10: Портаненко Гліб Олександрович | D10: ='Економіка і планування виробниц'!AW20 -> 3 | E10: ='Захист інформації та безпека ПК'!U20 -> 3 | F10: ='Компютерні мережі'!CC20 -> 3 | G10: ='Організація баз даних'!BM20 -> 3 | H10: ='Основи програмної інженерії'!BM20 -> 3 | I10: ='Теорія ймовірності та математич'!AI20 -> 3 | J10: ='Соціологія'!AE20 -> 4 | K10: ='Технічне обслуговування ЕОМ'!BM20 -> 3 | L10: ='Технічне обслуговування ЕОМ'!BO20 -> 3 | M10: 3 | N10: =sum(D10:L10)/10 -> 2.8 | P10: =N10*0.9+O10*0.1 -> 2.52
A11: 18 | B11: Ткаченко Кирило Сергійович | D11: 3 | E11: 3 | F11: ='Компютерні мережі'!CC21 -> 3 | G11: ='Організація баз даних'!BM21 -> 3 | H11: ='Основи програмної інженерії'!BM21 -> 3 | I11: ='Теорія ймовірності та математич'!AI21 -> 3 | J11: 3 | K11: ='Технічне обслуговування ЕОМ'!BM21 -> 3 | L11: ='Технічне обслуговування ЕОМ'!BO21 -> 4 | M11: 3 | N11: =sum(D11:L11)/10 -> 2.8 | P11: =N11*0.9+O11*0.1 -> 2.52 | Q11: 4
A12: 19 | B12: Царюк Єгор Андрійович | D12: ='Економіка і планування виробниц'!AW22 -> 4 | E12: ='Захист інформації та безпека ПК'!U22 -> 4 | F12: ='Компютерні мережі'!CC22 -> 5 | G12: ='Організація баз даних'!BM22 -> 5 | H12: ='Основи програмної інженерії'!BM22 -> 5 | I12: ='Теорія ймовірності та математич'!AI22 -> 4 | J12: ='Соціологія'!AE22 -> 5 | K12: ='Технічне обслуговування ЕОМ'!BM22 -> 5 | L12: ='Технічне обслуговування ЕОМ'!BO22 -> 5 | M12: 5 | N12: =sum(D12:L12)/10 -> 4.2 | P12: =N12*0.9+O12*0.1 -> 3.78
A13: 20 | B13: Дорубайло Ілля Олексійович | D13: ='Економіка і планування виробниц'!AW23 -> 3 | E13: ='Захист інформації та безпека ПК'!U23 -> н/а | F13: ='Компютерні мережі'!CC23 -> н/а | G13: ='Організація баз даних'!BM23 -> 3 | H13: ='Основи програмної інженерії'!BM23 -> 3 | I13: ='Теорія ймовірності та математич'!AI23 -> н/а | J13: 3 | K13: н/а | L13: н/д | N13: =sum(D13:L13)/10 -> 1.2 | P13: =N13*0.9+O13*0.1 -> 1.08 | Q13: академічна відпустка наказ №42-с/к від 01.05.26
D14: бігунок

Sheet Дискретна математика
B1: Назва дисципліни | C1: Дискретна математика
B2: Викладач | C2: Казмірчук О.І.
A3: № | B3: ПІБ студента | C3: 45944 | D3: 45947 | E3: 45951 | F3: 45954 | G3: 45958 | H3: 45961 | I3: 45962 | J3: 45965 | K3: 45968 | L3: 45972 | M3: 45975 | N3: 45979 | O3: 45982 | P3: 45986 | Q3: 45989 | R3: 45993 | S3: Тематична | T3: Скоригована | U3: 45996 | V3: 46000 | W3: 46003 | X3: 46004 | Y3: 46007 | Z3: 46010 | AA3: Тематична | AB3: Скоригована | AC3: Семестр | AE3: Залік
A4: 1. | B4: Гриценко Денис Сергійович | C4: н | D4: н/1 | E4: н | F4: н/1 | G4: н | H4: н | I4: н | J4: н | K4: н | L4: н | M4: н | N4: н | O4: н | P4: н | Q4: н | R4: н | S4: н/а | U4: н | V4: н | W4: н | X4: н | Y4: н | Z4: н | AA4: н/а | AC4: н/а | AE4: н/а | AF4: відрахований наказ №17-с/к від 27.02.2026
A5: 2. | B5: Гришков Едуард Сергійович | C5: н | D5: н/1 | E5: н | F5: н/1 | G5: н | H5: н | I5: н | J5: н | K5: н | L5: н | M5: н | N5: н | O5: н | P5: н | Q5: н | R5: н | S5: н/а | U5: н | V5: н | W5: н | X5: н | Y5: н | Z5: н | AA5: н/а | AC5: н/а | AE5: н/а | AF5: відрахований наказ №29-с/к від 27.03.26
A6: 3. | B6: Дворник Іван Миколайович | C6: н | D6: 1 | E6: н | F6: 1 | G6: н | H6: н | I6: н | K6: 3 | M6: 3 | O6: 3 | Q6: 3 | R6: 3 | S6: 3 | U6: н | V6: 3 | W6: н | X6: 3 | Z6: 3 | AA6: 3 | AC6: 3 | AE6: 3
A7: 4. | B7: Демченко Максим Сергійович | C7: н | D7: н/1 | E7: н | F7: н/1 | G7: н | H7: н | I7: н | J7: н | K7: н | L7: н | M7: н | N7: н | O7: н | P7: н | Q7: н | R7: н | S7: н/а | U7: н | V7: н | W7: н | X7: н | Y7: н | Z7: н | AA7: н/а | AC7: н/а | AE7: н/а | AF7: відрахований наказ №15-с/к від 18.02.2026
A8: 5. | B8: Івахненко Олександр Олександрович | C8: н | D8: н/1 | E8: н | F8: н/1 | G8: н | H8: н | I8: н | J8: н | K8: н | L8: н | M8: н | N8: н | O8: н | P8: н | Q8: н | R8: н | S8: н/а | U8: н | V8: н | W8: н | X8: н | Y8: н | Z8: н | AA8: н/а | AC8: н/а | AE8: н/а | AF8: академічна відпустка наказ №14-с/к від 16.02.26
A9: 6. | B9: Ішков Леонід Вікторович | D9: 4 | E9: 4 | F9: 4 | G9: 4 | H9: 4 | K9: 4 | L9: 4 | M9: 3 | O9: 4 | P9: 4 | Q9: 4 | R9: 4 | S9: 4 | U9: 4 | W9: 4 | Y9: 4 | Z9: 4 | AA9: 4 | AC9: 4 | AE9: 4
A10: 7. | B10: Каратаєв Данііл Сергійович | D10: 3 | F10: н/1 | G10: н | I10: н | J10: н | K10: 3 | L10: н | M10: 3 | N10: н | O10: 3 | P10: н | Q10: 3 | R10: 3 | S10: 3 | U10: н | V10: 3 | W10: 3 | Y10: 3 | Z10: 3 | AA10: 3 | AC10: 3 | AE10: 3
A11: 8. | B11: Кисляков Дмитро Олександрович | D11: 1 | E11: 4 | F11: 4 | G11: 4 | H11: 4 | K11: 4 | L11: 4 | M11: 4 | N11: 4 | O11: н | P11: н/3 | Q11: н/4 | R11: н/4 | S11: 4 | U11: 4 | V11: н | W11: н | X11: н/4 | Y11: 4 | Z11: 4 | AA11: 4 | AC11: 4 | AE11: 4
A12: 9. | B12: Ковальчук Арсеній Борисович | C12: н | D12: н/1 | E12: н | F12: н/1 | G12: н | H12: н | I12: н | J12: н | K12: н | L12: н | M12: н | N12: н | O12: н | P12: н | Q12: н | R12: н | S12: н/а | U12: н | V12: н | W12: н | X12: н | Y12: н | Z12: н | AA12: н/а | AC12: н/а | AE12: н/а | AF12: відрахований наказ №17-с/к від 27.02.2026
A13: 10. | B13: Кутєхов Назарій Олександрович | C13: н | D13: н/1 | E13: н | F13: н/3 | G13: н | H13: н | I13: н/3 | J13: н | K13: н | L13: н | M13: н | N13: н | O13: н/3 | P13: н | Q13: н/3 | R13: н | S13: н/а | U13: н | V13: н | W13: н | X13: н | Y13: н | Z13: н | AA13: н/а | AC13: н/а | AE13: н/а | AF13: 3
A14: 11. | B14: Малюк Нікіта Сергійович | C14: н | D14: н/1 | E14: н | F14: 1 | G14: н | H14: н | I14: н | K14: 2 | N14: н | O14: н | P14: н | Q14: н | R14: н | S14: 3 | V14: н | W14: н | X14: н | Y14: н | Z14: н | AA14: 3 | AC14: 3 | AE14: 3
A15: 12. | B15: Мезенцев Кирило Анатолійович | C15: н | D15: н/1 | E15: н | F15: н/1 | G15: н | H15: н | I15: н | J15: н | K15: н | L15: н | M15: н | N15: н | O15: н | P15: н | Q15: н | R15: н | S15: н/а | U15: н | V15: н | W15: н | X15: н | Y15: н | Z15: н | AA15: н/а | AC15: н/а | AE15: н/а | AF15: відрахований наказ №18-с/к від 04.04.26
A16: 13. | B16: Надіров Расім Аріфович | C16: н | D16: н/1 | E16: н | F16: н/1 | G16: н | H16: н | I16: н | J16: н | K16: н | L16: н | M16: н | N16: н | O16: н | P16: н | Q16: н | R16: н | S16: н/а | U16: н | V16: н | W16: н | X16: н | Y16: н | Z16: н | AA16: н/а | AC16: н/а | AE16: н/а | AF16: академічна відпустка наказ №16-с/к від 25.02.26
A17: 14. | B17: Онищенко Ярослав Віталійович | C17: н | D17: н/1 | E17: н | F17: н/1 | G17: н | H17: н | I17: н | J17: н | K17: н | L17: н | M17: н | N17: н | O17: н | P17: н | Q17: н | R17: н | S17: н/а | U17: н | V17: н | W17: н | X17: н | Y17: н | Z17: н | AA17: н/а | AC17: н/а | AE17: н/а | AF17: відрахований наказ №17-с/к від 27.02.2026
A18: 15. | B18: Павлюк Дмитро Ігорович | C18: н | D18: н/1 | E18: н | F18: н/1 | G18: н | H18: н | I18: н | J18: н | K18: н | L18: н | M18: н | N18: н | O18: н | P18: н | Q18: н | R18: н | S18: н/а | U18: н | V18: н | W18: н | X18: н | Y18: н | Z18: н | AA18: н/а | AC18: н/а | AE18: н/а | AF18: відрахований наказ №26-с/к від 17.03.2026
A19: 16. | B19: Плетій Андрій Анатолійович | C19: н | D19: н/1 | E19: н | F19: н | G19: н | H19: н | I19: н | J19: н | K19: н | L19: н | M19: н | N19: н | O19: н | P19: н | Q19: н | R19: н | S19: н/а | U19: н | V19: н | W19: н | X19: н | Y19: н | Z19: н | AA19: н/а | AC19: н/а | AE19: н/а | AF19: відрахований наказ №18-с/к від 04.04.26
A20: 17. | B20: Портаненко Гліб Олександрович | C20: н | D20: н/1 | E20: н | F20: н | G20: н | H20: н | I20: н | K20: н | L20: н | M20: н | N20: н | O20: н | P20: н | Q20: н | R20: н | S20: 3 | U20: н | V20: н | W20: н | X20: н | Y20: н | Z20: н | AA20: 3 | AC20: 3 | AE20: 3
A21: 18. | B21: Ткаченко Кирило Сергійович | D21: н/1 | F21: 3 | G21: 1 | I21: н | K21: н | L21: н\3 | M21: н | P21: н\3 | Q21: н\3 | R21: н | S21: н/а | T21: 3 | U21: н | V21: н/2 | W21: н | X21: н | Y21: н | Z21: н | AA21: 2 | AB21: 3 | AC21: 2 | AE21: 2 | AF21: 3
A22: 19. | B22: Царюк Єгор Андрійович | D22: н/3 | F22: н/4 | G22: н/3 | H22: н/3 | I22: н | K22: н/3 | L22: 4 | M22: 3 | N22: н/3 | O22: н | P22: н\3 | Q22: н\3 | R22: н/3 | S22: 3 | U22: н\3 | V22: 3 | W22: н | X22: н/3 | Y22: н\3 | Z22: н/3 | AA22: 3 | AC22: 3 | AE22: 3
A23: № | B23: Дата | C23: Години | D23: Тема заняття | T23: Домашня робота
A24: 1 | B24: 45944 | C24: 2 | D24: Зміст та задачі дискретної математики. Поняття множини. Способи задання множини. | T24: Бондаренко, п.1.1 ст. 9-13, №1-№4 ст.13
A25: 2 | B25: 45947 | C25: 2 | D25: Відношення між множинам. Геометричне зображення множин. | T25: п.1.3 ст. 18-20, №1-№3 ст. 20
A26: 3 | B26: 45951 | C26: 2 | D26: Основні операції над множинами.Практична робота . | T26: п.1.4 ст. 20-29, № 1, №4, №6, №8 ст. 22, №4 ст. 26
A27: 4 | B27: 45954 | C27: 2 | D27: Основні закони теорії множин. | T27: п.1.2 ст. 14-16, №", №4, №5, №6 ст. 17
A28: 5 | B28: 45958 | C28: 2 | D28: Декартовий добуток множин. Самостійна робота. | T28: повт. п. 1.1-п.1.4, №1-№4 (в зошиті)
A29: 6 | B29: 45961 | C29: 2 | D29: Поняття відношення. Способи задання відношень. | T29: п.2.1 ст.30-35, №1, №2, №5, №7 ст. 36
A30: 7 | B30: 01.11.2025 відпрацьовування за 23 грудня | C30: 2 | D30: Образи і прообрази елементів і множин відносно відношень. | T30: п. 2.2 ст. 37-41, №1, №2, №4 ст. 42
A31: 8 | B31: 45965 | C31: 2 | D31: Властивості бінарних відношень. | T31: п.2.3 ст. 42-45, № 1, №2 ст. 46
A32: 9 | B32: 45968 | C32: 2 | D32: Спеціальні бінарні відношення. Обернені бінарні операції. Практична робота. | T32: п.2.4 ст. 47-51, №2, №3, №4 ст. 52
A33: 10 | B33: 45972 | C33: 2 | D33: Поняття функції та відображення. Класифікація функцій. Потужність множин і зліченність | T33: п.2.5-2.6 ст. 54, №1-№4 ст. 60
A34: 11 | B34: 45975 | C34: 2 | D34: Поняття бінарної алгебраїчної операції та їх властивості . Практична робота | T34: п.3.1-3.5 ст. 73-85 , №1, №3, №4 ст. 85
A35: 12 | B35: 45979 | C35: 2 | D35: Правило добутку. Формула включень та виключення. Комбінаторні схеми. | T35: п.10.1 - 10.5 ст. 408-431, № 1,2,3 ст. 424, ст. 429
A36: 13 | B36: 45982 | C36: 2 | D36: Комбінаторні задачі з обмеженнями. Комбінаторика розбиття. Практична робота. | T36: п.10.6 ст. 432-433, №1,2.3 в зошиті
A37: 14 | B37: 45986 | C37: 2 | D37: Рекурентні співвідношення. Числа Фібоначчі. Розв'язування рекурентних співвідношень. Лінійні рекурентні співвідношення з сталими коефіцієнтами. | T37: п.10.6 ст. 433-450, № 1, №2, №3 ст. 459-450
A38: 15 | B38: 45989 | C38: 2 | D38: Комбінаторика і ряди. Породжуючі функції. Біном Ньютона. Поліномна формула. | T38: п.10.5 ст. 431-432, №1,2,3 в зошиті
A39: 16 | B39: 45993 | C39: 2 | D39: Контрольна робота №1 | T39: повторити матеріал і основні формули.
A40: 17 | B40: 45996 | C40: 2 | D40: Основні поняття. Зображення графа. | T40: п.6.1-6.4 ст. 239-248, № 2.4,6,8 ст. 246
A41: 18 | B41: 46000 | C41: 2 | D41: Орієнтовані графи. Основні поняття. Повний орієнтований граф. | T41: п.6.5-п.6.6 ст.253-257, № 3,№4, №5 ст.257
A42: 19 | B42: 46003 | C42: 2 | D42: Типи графів. | T42: п.6.6-п.6.9 ст. 260-286, № 2,4,6,8 ст.286
... A45: 22 | B45: 46010 | C45: 2 | D45: Контрольна робота № 2. | T45: Повторити все про графи.
B47: 46010 | D47: Залік.
D50: За планом -50 години (48+2)
D51: Фактично виконано - 50 год.
D52: Програму виконано

Sheet Архітектура компютерів
B1: Назва дисципліни | C1: Архітектура комп'ютерів (КМ-42)
B2: Викладач | C2: Науменко П.В.
A3: № | B3: ПІБ студента | C3: 45944 | D3: 45946 | E3: 45951 | F3: 45953 | G3: 45958 | H3: 45960 | I3: 45962 | J3: 45965 | K3: Тематична | M3: 45967 | N3: 45972 | O3: 45974 | P3: 45979 | Q3: 45981 | R3: 45986 | S3: 45988 | T3: 45990 | U3: Тематична | W3: 45993 | X3: 45995 | Y3: 46000 | Z3: 46002 | AA3: 46007 | AB3: Тематична | AD3: Семестрова | AF3: Екзамен
A4: 1. | B4: Гриценко Денис Сергійович | C4: н | D4: н | E4: н | F4: 5 | G4: н | H4: 2 | I4: н | J4: н | K4: 3 | M4: н | N4: н | O4: н | P4: н | Q4: н | R4: н | S4: н | T4: н | U4: н/а | W4: н | X4: н | Y4: н | Z4: н | AA4: н | AB4: н/а | AD4: н/а | AF4: н/д | AG4: відрахований наказ №17-с/к від 27.02.2026
A5: 2. | B5: Гришков Едуард Сергійович | C5: н | D5: н | E5: н | F5: н | G5: н | H5: н | I5: н | J5: н | K5: н/а | M5: н | N5: н | O5: н | P5: н | Q5: н | R5: н | S5: н | T5: н | U5: н/а | W5: н | X5: н | Y5: н | Z5: н | AA5: н | AB5: н/а | AD5: н/а | AF5: н/д | AG5: відрахований наказ №29-с/к від 27.03.26
A6: 3. | B6: Дворник Іван Миколайович | D6: н | E6: н | F6: 5 | G6: н | H6: 5 | I6: н | J6: 5 | K6: 5 | N6: 2 | P6: н | Q6: н | T6: н | U6: н/а | V6: 3 | Z6: н | AB6: н/а | AC6: 3 | AD6: 4 | AF6: 4
A7: 4. | B7: Демченко Максим Сергійович | C7: н | D7: н | E7: н | F7: н | G7: н | H7: н | I7: н | J7: н | K7: н/а | M7: н | N7: н | O7: н | P7: н | Q7: н | R7: н | S7: н | T7: н | U7: н/а | W7: н | X7: н | Y7: н | Z7: н | AA7: н | AB7: н/а | AD7: н/а | AF7: н/д | AG7: відрахований наказ №15-с/к від 18.02.2026
A8: 5. | B8: Івахненко Олександр Олександрович | C8: н | D8: н | E8: н | F8: н | G8: н | H8: н | I8: н | J8: н | K8: н/а | M8: н | N8: н | O8: н | P8: н | Q8: н | R8: н | S8: н | T8: н | U8: н/а | W8: н | X8: н | Y8: н | Z8: н | AB8: н/а | AD8: н/а | AF8: н/д | AG8: академічна відпустка наказ №14-с/к від 16.02.26
A9: 6. | B9: Ішков Леонід Вікторович | E9: 5 | F9: 5 | G9: 2 | H9: 5 | J9: 5 | K9: 4 | N9: 5 | Q9: 4 | T9: 5 | U9: 5 | X9: 4 | Y9: 5 | AA9: 5 | AB9: 5 | AD9: 5 | AF9: 5
A10: 7. | B10: Каратаєв Данііл Сергійович | D10: н | E10: 2 | F10: 4 | G10: н | H10: н | I10: н | J10: 3 | K10: 3 | M10: н | N10: 2 | Q10: 4 | T10: 5 | U10: 4 | Y10: н | AB10: н/а | AC10: 4 | AD10: 4 | AF10: 4
A11: 8. | B11: Кисляков Дмитро Олександрович | E11: 5 | F11: 5 | G11: 3 | H11: 5 | I11: н | J11: 5 | K11: 5 | N11: 5 | Q11: 4 | R11: н | T11: 5 | U11: 5 | X11: 4 | Y11: 5 | Z11: 4 | AB11: 4 | AD11: 5 | AF11: 5
A12: 9. | B12: Ковальчук Арсеній Борисович | C12: н | D12: н | E12: н | F12: н | G12: н | H12: н | I12: н | J12: н | K12: н/а | M12: н | N12: н | O12: н | P12: н | Q12: н | R12: н | S12: н | T12: н | U12: н/а | W12: н | X12: н | Y12: н | Z12: н | AA12: н | AB12: н/а | AD12: н/а | AF12: н/д | AG12: відрахований наказ №17-с/к від 27.02.2026
A13: 10. | B13: Кутєхов Назарій Олександрович | C13: н | D13: н | E13: н | F13: н | G13: н | H13: н | I13: н | J13: н | K13: н/а | L13: 3 | M13: н | N13: н | O13: н | P13: н | Q13: н | R13: н | S13: н | T13: н | U13: н/а | V13: 3 | W13: н | X13: н | Y13: н | Z13: н | AA13: н | AB13: н/а | AD13: н/а | AF13: н/д | AG13: 3
A14: 11. | B14: Малюк Нікіта Сергійович | C14: н | D14: н | E14: н | F14: 5 | G14: н | H14: 5 | I14: н | J14: 5 | K14: 5 | N14: н | O14: н | P14: н | Q14: н | T14: н | U14: н/а | V14: 3 | Y14: 5 | Z14: н | AB14: н/а | AC14: 4 | AD14: 4 | AF14: 4
A15: 12. | B15: Мезенцев Кирило Анатолійович | C15: н | D15: н | E15: н | F15: н | G15: н | H15: н | I15: н | J15: н | K15: н/а | M15: н | N15: н | O15: н | P15: н | Q15: н | R15: н | S15: н | T15: н | U15: н/а | W15: н | X15: н | Y15: н | Z15: н | AA15: н | AB15: н/а | AD15: н/а | AF15: н/д | AG15: відрахований наказ №18-с/к від 04.04.26
A16: 13. | B16: Надіров Расім Аріфович | C16: н | D16: н | E16: н | F16: н | G16: н | H16: н | I16: н | J16: н | K16: н/а | M16: н | N16: н | O16: н | P16: н | Q16: н | R16: н | S16: н | T16: н | U16: н/а | W16: н | X16: н | Y16: н | Z16: н | AA16: н | AB16: н/а | AD16: н/а | AF16: н/д | AG16: академічна відпустка наказ №16-с/к від 25.02.26
A17: 14. | B17: Онищенко Ярослав Віталійович | C17: н | D17: н | E17: н | F17: н | G17: н | H17: н | I17: н | J17: н | K17: н/а | M17: н | N17: н | O17: н | P17: н | Q17: н | R17: н | S17: н | T17: н | U17: н/а | W17: н | X17: н | Y17: н | Z17: н | AA17: н | AB17: н/а | AD17: н/а | AF17: н/д | AG17: відрахований наказ №17-с/к від 27.02.2026
A18: 15. | B18: Павлюк Дмитро Ігорович | C18: н | D18: н | E18: н | F18: н | G18: н | H18: н | I18: н | J18: н | K18: н/а | M18: н | N18: н | O18: н | P18: н | Q18: н | R18: н | S18: н | T18: н | U18: н/а | W18: н | X18: н | Y18: н | Z18: н | AA18: н | AB18: н/а | AD18: н/а | AF18: н/д | AG18: відрахований наказ №26-с/к від 17.03.2026
A19: 16. | B19: Плетій Андрій Анатолійович | C19: н | D19: н | E19: н | F19: н | G19: н | H19: н | I19: н | J19: н | K19: н/а | M19: н | N19: н | O19: н | P19: н | Q19: н | R19: н | S19: н | T19: н | U19: н/а | W19: н | X19: н | Y19: н | Z19: н | AA19: н | AB19: н/а | AD19: н/а | AF19: н/д | AG19: відрахований наказ №18-с/к від 04.04.26
A20: 17. | B20: Портаненко Гліб Олександрович | C20: н | D20: н | E20: н | F20: н | G20: н | H20: н | I20: н | K20: н/а | L20: 3 | M20: н | N20: н | O20: н | P20: н | Q20: н | R20: н | S20: н | T20: н | U20: н/а | V20: 3 | Z20: н | AB20: н/а | AC20: 3 | AD20: 3 | AF20: 3
A21: 18. | B21: Ткаченко Кирило Сергійович | E21: 3 | G21: 2 | H21: 3 | I21: н | J21: 2 | K21: 3 | N21: н | P21: н | Q21: н | S21: н | U21: н/а | V21: 3 | Z21: н | AB21: н/а | AC21: 3 | AD21: 3 | AF21: 3
A22: 19. | B22: Царюк Єгор Андрійович | E22: н | F22: н | G22: н | H22: н | I22: н | J22: н | K22: н/а | L22: 3 | N22: н | O22: н | P22: н | Q22: н | R22: н | S22: н | T22: н | U22: н/а | V22: 3 | W22: н | Y22: 5 | Z22: 2 | AA22: н | AB22: 3 | AD22: 3 | AF22: 3
A23: 20. | B23: Дорубайло Ілля Олексійович
A24: № | B24: Дата | C24: Години | D24: Тема заняття | M24: Домашня робота
A25: 1 | B25: 45944 | C25: 2 | D25: Практ. роб. з Мікропроцесор. Двошинна та тришинна структури МПС (мікропроцесорних систем).
A26: 2 | B26: 45946 | C26: 2 | D26: Багаторівнева пам'ять комп’ютерів. Надоперативна, оперативна, буферна (кеш) пам’ять.
A27: 3 | B27: 45951 | C27: 2 | D27: Практ. роб. з Багаторівнева пам'ять комп’ютерів.
A28: 4 | B28: 45953 | C28: 2 | D28: Практ. роб. з Надоперативна, оперативна, буферна (кеш) пам’ять.
B29: жовтень | C29: 8
A30: 5 | B30: 45958 | C30: 2 | D30: Загальні принципи організації пам'яті ЕОМ. Організація сторінкової та сегментносторінкової віртуальної пам’яті.
A31: 6 | B31: 45960 | C31: 2 | D31: Практ. роб. з Загальні принципи організації пам'яті ЕОМ.
A32: 7 | B32: 45962 | C32: 2 | D32: Практ. роб. з Організація сторінкової та сегментносторінкової віртуальної пам’яті.
A33: 8 | B33: 45965 | C33: 2 | D33: Взаємодія усіх рівнів пам’яті. Багатопрограмний режим роботи процесорів. Захист розділів пам’яті.
A34: 9 | B34: 45967 | C34: 2 | D34: Практ. роб. з Взаємодія усіх рівнів пам’яті.
A35: 10 | B35: 45972 | C35: 2 | D35: Практ. роб. з Багатопрограмний режим роботи процесорів.
A36: 11 | B36: 45974 | C36: 2 | D36: Практ. роб. з Захист розділів пам’яті.
B37: листопад | C37: 14
A38: 12 | B38: 45979 | C38: 2 | D38: Режими роботи процесора з зовнішніми пристроями. Архітектура засобів вводу-виводу інформації.
A39: 13 | B39: 45981 | C39: 2 | D39: Практ. роб. з Режими роботи процесора з зовнішніми пристроями.
A40: 14 | B40: 45986 | C40: 2 | D40: Програмний обмін даними, обробка переривань, організація прямого доступу до пам'яті.
A41: 15 | B41: 45988 | C41: 2 | D41: Практ. роб. з Програмний обмін даними, обробка переривань.
A42: 16 | B42: 45990 | C42: 2 | D42: Практ. роб. з Організація прямого доступу до пам'яті.
A43: 17 | B43: 45993 | C43: 2 | D43: Практ. роб. з Архітектура засобів вводу-виводу інформації.
A44: 18 | B44: 45995 | C44: 2 | D44: Засоби управління зовнішніми пристроями. Пристрої введення-виведення інформації. Пристрої передачі інформації.
A45: 19 | B45: 46000 | C45: 2 | D45: Практ. роб. з Засоби управління зовнішніми пристроями.
A46: 20 | B46: 46002 | C46: 2 | D46: Практ. роб. з Пристрої введення-виведення інформації.
A47: 21 | B47: 46007 | C47: 2 | D47: Практ. роб. з Пристрої передачі інформації.
B48: грудень | C48: 20
B50: 46020 | C50: 2 | D50: Консультація до екзамену
B52: 46021 | C52: 2.6 | D52: Екзамен
C53: 5
D54: За планом 44 години. Фактично виконано 44 години. З них в дистанційному режимі 28 годин. Програму виконано.

Sheet Економіка і планування виробниц
B1: Назва дисципліни | C1: Економіка і планування виробництва
B2: Викладач | C2: Устюгова Ж.В.
A3: № | B3: ПІБ студента | C3: 46048 | D3: 46049 | E3: 46051 | F3: 46055 | G3: 46056 | H3: 46058 | I3: 46062 | J3: 46063 | K3: тематична | M3: 46065 | N3: 46069 | O3: 46070 | P3: 46072 | Q3: 46076 | R3: 46077 | S3: 46079 | T3: 46083 | U3: тематична | W3: 46084 | X3: 46086 | Y3: 46090 | Z3: 46091 | AA3: 46093 | AB3: 46097 | AC3: 46100 | AD3: 46104 | AE3: тематична | AG3: 46107 | AH3: 46108 | AI3: 46111 | AJ3: 46112 | AK3: 46114 | AL3: 46115 | AM3: 46118 | AN3: 46121 | AO3: 46122 | AP3: 46125 | AQ3: 46126 | AR3: 46128 | AS3: тематична | AU3: семестр | AW3: іспит
A4: 1. | B4: Гриценко Денис Сергійович | C4: н | D4: н | E4: н | F4: н | G4: н | H4: н | I4: н | J4: н | K4: н/а | M4: н | N4: н | O4: н | P4: н | Q4: н | R4: н | S4: відрахований наказ №17-с/к від 27.02.2026 | AE4: - | AG4: відрахований наказ №17-с/к від 27.02.2026 | AS4: - | AU4: - | AW4: - | AX4: відрахований наказ №17-с/к від 27.02.2026
A5: 2. | B5: Гришков Едуард Сергійович | C5: н | D5: н | E5: н | F5: н | G5: н | H5: н | I5: н | J5: н | K5: н/а | M5: н | N5: н | O5: н | P5: н | Q5: н | R5: н | S5: н | T5: н | U5: н/а | W5: н | X5: н | Y5: н | Z5: н | AA5: н | AB5: н | AC5: н | AD5: н | AE5: н/а | AG5: н | AH5: н | AI5: н | AJ5: н | AK5: н | AL5: н | AN5: 2 | AS5: - | AU5: - | AW5: - | AX5: відрахований наказ №29-с/к від 27.03.26
A6: 3. | B6: Дворник Іван Миколайович | C6: 2 | D6: 2 | E6: 2 | F6: 2 | G6: 2 | H6: 2 | I6: 2 | J6: 2 | K6: 2 | L6: 3 | M6: 2 | N6: 2 | O6: 2 | P6: 2 | Q6: 2 | R6: 2 | S6: 2 | T6: 2 | U6: 2 | V6: 3 | W6: 2 | X6: 2 | Y6: 2 | Z6: 2 | AA6: 2 | AB6: н | AC6: 2 | AD6: 2 | AE6: 2 | AF6: 3 | AG6: 2 | AH6: 2 | AI6: 3 | AJ6: 3 | AK6: 3 | AL6: 3 | AM6: 3 | AN6: 3 | AO6: 3 | AP6: 2 | AQ6: 3 | AR6: 3 | AS6: 3 | AU6: 3 | AW6: 3
A7: 4. | B7: Демченко Максим Сергійович | C7: н | D7: н | E7: н | F7: н | G7: н | H7: н | I7: н | J7: н | K7: н/а | M7: н | N7: н | O7: н | P7: відрахований наказ №15-с/к від 18.02.2026 | W7: відрахований наказ №15-с/к від 18.02.2026 | AE7: - | AG7: відрахований наказ №15-с/к від 18.02.2026 | AS7: - | AU7: - | AW7: - | AX7: відрахований наказ №15-с/к від 18.02.2026
A8: 5. | B8: Івахненко Олександр Олександрович | C8: н | D8: н | E8: н | F8: н | G8: н | H8: н | I8: н | J8: н | K8: н/а | M8: н | N8: н | O8: н | P8: академічна відпустка наказ №14-с/к від 16.02.26 | W8: академічна відпустка наказ №14-с/к від 16.02.26 | AE8: - | AG8: академічна відпустка наказ №14-с/к від 16.02.26 | AS8: - | AU8: - | AW8: - | AX8: академічна відпустка наказ №14-с/к від 16.02.26
A9: 6. | B9: Ішков Леонід Вікторович | D9: 5 | E9: 5 | F9: 5 | G9: 5 | H9: 5 | I9: 5 | K9: 5 | M9: 5 | N9: 5 | P9: 5 | S9: 5 | T9: 5 | U9: 5 | X9: 5 | Z9: 5 | AC9: 5 | AE9: 5 | AH9: 5 | AI9: 5 | AL9: 5 | AN9: 4 | AP9: 5 | AS9: 5 | AU9: 5 | AW9: 5
A10: 7. | B10: Каратаєв Данііл Сергійович | D10: 4 | E10: 3 | F10: 4 | G10: 3 | H10: 5 | I10: 3 | K10: 4 | M10: 4 | N10: 4 | O10: 5 | P10: 5 | S10: 2 | T10: 2 | U10: 4 | X10: 5 | Z10: 5 | AC10: 5 | AE10: 5 | AH10: 4 | AI10: 5 | AL10: 5 | AN10: 4 | AP10: 4 | AQ10: н | AS10: 4 | AU10: 4 | AW10: 4
A11: 8. | B11: Кисляков Дмитро Олександрович | D11: 5 | E11: 5 | F11: 5 | G11: 5 | H11: 4 | K11: 5 | M11: 4 | N11: 4 | O11: 2 | P11: 5 | S11: 5 | T11: 5 | U11: 4 | X11: 5 | Z11: 5 | AD11: 4 | AE11: 5 | AH11: 4 | AI11: 5 | AL11: 5 | AN11: 4 | AP11: 4 | AS11: 4 | AU11: 4 | AW11: 4
A12: 9. | B12: Ковальчук Арсеній Борисович | C12: н | D12: н | E12: н | F12: н | G12: н | H12: н | I12: н | J12: н | K12: н/а | M12: н | N12: н | O12: н | P12: н | Q12: н | S12: відрахований наказ №17-с/к від 27.02.2026 | AE12: - | AG12: відрахований наказ №17-с/к від 27.02.2026 | AS12: - | AU12: - | AW12: - | AX12: відрахований наказ №17-с/к від 27.02.2026
A13: 10. | B13: Кутєхов Назарій Олександрович | C13: н | D13: н | E13: н | F13: н | G13: н | H13: н | I13: н | J13: н | K13: н/а | M13: 2 | N13: 2 | O13: 2 | P13: 2 | Q13: 2 | R13: 2 | S13: 2 | T13: 2 | U13: 2 | W13: 2 | X13: 2 | Y13: 2 | Z13: 2 | AA13: 2 | AB13: н | AC13: 2 | AD13: 2 | AE13: 2 | AG13: 2 | AH13: 2 | AI13: 2 | AJ13: 2 | AK13: 2 | AL13: 2 | AM13: 2 | AN13: 2 | AO13: 2 | AP13: 2 | AQ13: н | AR13: н | AS13: 2 | AU13: 2 | AW13: н/д
A14: 11. | B14: Малюк Нікіта Сергійович | D14: 2 | E14: 2 | F14: 2 | G14: 2 | H14: 2 | I14: 2 | J14: 2 | K14: 2 | L14: 3 | M14: 2 | N14: 2 | O14: 2 | P14: 2 | Q14: 2 | R14: 2 | S14: 2 | T14: 2 | U14: 2 | V14: 3 | W14: 2 | X14: 2 | Y14: 2 | Z14: 2 | AA14: 2 | AB14: 3 | AC14: 3 | AD14: 3 | AE14: 2 | AF14: 3 | AH14: 3 | AI14: 3 | AJ14: 3 | AK14: 3 | AL14: 3 | AN14: 2 | AO14: 3 | AP14: 3 | AQ14: 3 | AR14: 3 | AS14: 3 | AU14: 3 | AW14: 3
A15: 12. | B15: Мезенцев Кирило Анатолійович | C15: 2 | D15: 4 | E15: 2 | F15: 2 | G15: 2 | H15: 2 | I15: 2 | J15: 2 | K15: 2 | M15: н | N15: н | O15: н | P15: н | Q15: н | R15: відрахований наказ № | U15: - | W15: відрахований наказ №18-с/к від 04.04.26 | AE15: - | AG15: відрахований наказ №18-с/к від 04.04.26 | AS15: - | AU15: - | AW15: - | AX15: відрахований наказ №18-с/к від 04.04.26
A16: 13. | B16: Надіров Расім Аріфович | C16: н | D16: н | E16: н | F16: н | G16: н | H16: н | I16: н | J16: н | K16: н/а | M16: н | N16: н | O16: н | P16: н | Q16: н | R16: академічна відпустка наказ №16-с/к від 25.02.26 | AE16: - | AG16: академічна відпустка наказ №16-с/к від 25.02.26 | AS16: - | AU16: - | AW16: - | AX16: академічна відпустка наказ №16-с/к від 25.02.26
A17: 14. | B17: Онищенко Ярослав Віталійович | C17: н | D17: н | E17: н | F17: н | G17: н | H17: н | I17: н | J17: н | K17: н/а | M17: н | N17: н | O17: н | P17: н | Q17: н | R17: відрахований наказ №17-с/к від 27.02.2026 | AE17: - | AG17: відрахований наказ №17-с/к від 27.02.2026 | AS17: - | AU17: - | AW17: - | AX17: відрахований наказ №17-с/к від 27.02.2026
A18: 15. | B18: Павлюк Дмитро Ігорович | C18: н | D18: н | E18: н | F18: н | G18: н | H18: н | I18: н | J18: н | K18: н/а | M18: н | N18: н | O18: н | P18: н | Q18: н | R18: н | S18: н | T18: н | U18: н/а | W18: н | X18: н | Y18: н | Z18: н | AA18: н | AB18: н | AC18: н | AD18: н | AE18: н/а | AG18: відрахований наказ №26-с/к від 17.03.2026 | AS18: - | AU18: - | AW18: - | AX18: відрахований наказ №26-с/к від 17.03.2026
A19: 16. | B19: Плетій Андрій Анатолійович | C19: 2 | D19: 2 | E19: 2 | F19: 2 | G19: 2 | H19: 2 | I19: 2 | J19: 2 | K19: 2 | M19: н | N19: н | O19: н | P19: н | Q19: н | R19: відрахований наказ № | U19: - | W19: відрахований наказ №18-с/к від 04.04.26 | AE19: - | AG19: відрахований наказ №18-с/к від 04.04.26 | AS19: - | AU19: - | AW19: - | AX19: відрахований наказ №18-с/к від 04.04.26
A20: 17. | B20: Портаненко Гліб Олександрович | C20: 2 | D20: 2 | E20: 2 | F20: 2 | G20: 2 | H20: 2 | I20: 2 | J20: 2 | K20: 2 | L20: 3 | M20: 2 | N20: 2 | O20: 2 | P20: 2 | R20: 2 | S20: 2 | T20: 2 | U20: 2 | V20: 3 | W20: 2 | X20: 2 | Z20: 2 | AA20: 2 | AB20: н | AC20: 2 | AD20: 2 | AE20: 2 | AF20: 3 | AG20: 2 | AH20: 2 | AI20: 3 | AJ20: 3 | AK20: 2 | AL20: 3 | AM20: 2 | AN20: 3 | AO20: 3 | AP20: 2 | AQ20: 3 | AR20: 3 | AS20: 3 | AU20: 3 | AW20: 3
A21: 18. | B21: Ткаченко Кирило Сергійович | C21: н | D21: н | E21: н | F21: н | G21: н | H21: н | I21: н | J21: н | K21: н/а | L21: 3 | M21: н | N21: н | O21: н | P21: н | Q21: н | R21: н | S21: н | T21: н | U21: н/а | V21: 3 | W21: н | X21: н | Z21: н | AA21: н | AB21: н | AC21: н | AE21: н/а | AF21: 3 | AG21: н | AH21: н | AI21: н | AJ21: н | AK21: н | AL21: н | AM21: н | AN21: н | AO21: н | AP21: н | AQ21: н | AR21: н | AS21: н/а | AT21: 3 | AU21: н/а | AV21: 3 | AW21: н/д | AX21: 3
A22: 19. | B22: Царюк Єгор Андрійович | C22: 2 | D22: 5 | E22: 2 | F22: 2 | G22: 5 | H22: 2 | I22: 5 | J22: 2 | K22: 3 | N22: 4 | O22: 3 | P22: 3 | Q22: 4 | R22: 4 | S22: 5 | T22: 4 | U22: 4 | W22: 5 | X22: 5 | Y22: 5 | Z22: 5 | AA22: 5 | AB22: 4 | AC22: 4 | AD22: 5 | AE22: 5 | AG22: 5 | AH22: 4 | AI22: 5 | AJ22: 5 | AK22: 5 | AL22: 5 | AP22: 5 | AQ22: н | AS22: 5 | AU22: 4 | AW22: 4
A23: 20. | B23: Дорубайло Ілля Олексійович | C23: н | D23: н | E23: 3 | F23: 3 | G23: н | H23: 4 | I23: н | J23: 3 | K23: 3 | M23: 3 | N23: 3 | O23: 3 | P23: 3 | Q23: н | R23: н | S23: н | T23: н | U23: 3 | W23: н | X23: 3 | Z23: 3 | AA23: н | AB23: н | AC23: 3 | AE23: 3 | AG23: н | AH23: 3 | AI23: 3 | AJ23: н | AK23: н | AL23: 3 | AM23: н | AN23: н | AO23: 3 | AP23: н | AQ23: н | AS23: 3 | AU23: 3 | AW23: 3
A24: № | B24: Дата | C24: Години | D24: Тема заняття | N24: Домашня робота | AL24: есе
A25: 1 | B25: 46048 | C25: 2 | D25: Лекція 1. Основи економіки і виробництва в ринкових умовах | N25: Дослідити поняття "Безумовний базовий дохід"
A26: 2 | B26: 46049 | C26: 2 | D26: Семінарське заняття 1 | N26: індивідуальні роботи у Classroom
A27: 3 | B27: 46051 | C27: 2 | D27: Лекція 2. Підприємство як суб’єкт господарювання | N27: Бойчик, с.22-30
A28: 4 | B28: 46055 | C28: 2 | D28: Лекція 3. Організація управління та структура підприємства | N28: Бойчик, 47-54
A29: 5 | B29: 46056 | C29: 2 | D29: Семінарське заняття 2 | N29: Бойчик, 54-59
A30: 6 | B30: 46058 | C30: 2 | D30: Лекція 4. Основний капітал підприємства | N30: Бойчик, 165-174
A31: 7 | B31: 46062 | C31: 2 | D31: Лекція 5. Оборотний капітал підприємства | N31: Бойчик, 184-189
A32: 8 | B32: 46063 | C32: 2 | D32: Семінарсько-практичне заняття 3 | N32: Бойчик, 177-184
A33: 9 | B33: 46065 | C33: 2 | D33: Лекція 6. Персонал підприємства та продуктивність праці | N33: Бойчик, 133-138
A34: 10 | B34: 46069 | C34: 2 | D34: Семінарсько-практичне заняття 4 | N34: Бойчик, 137-140
A35: 11 | B35: 46070 | C35: 2 | D35: Семінарсько-практичне заняття 5 | N35: Бойчик, 143-145
A36: 12 | B36: 46072 | C36: 2 | D36: Лекція 7. Заробітна плата, її суть та значення на підприємстві | N36: Бойчик, 153-155
... A60: 36 | B60: 46128 | C60: 2 | D60: Семінарсько-практичне заняття 14 | N60: підготовка до іспиту
B61: 46128 | C61: 2 | D61: Проведення консультації перед іспитом
B62: 46136 | D62: Іспит
C64: Програму виконано в повному обсязі. За планом - 72 ауд. год, фактично - 72 ауд. год.

Sheet Захист інформації та безпека ПК
B1: Назва дисципліни | C1: Захист інформації та безпека ПК
B2: Викладач | C2: Коваль А.М.
A3: № | B3: ПІБ студента | C3: 46049 | D3: 46056 | E3: 46063 | F3: 46070 | G3: 46077 | H3: 46084 | I3: Тематична | K3: 46091 | L3: 46098 | M3: 46105 | N3: 46112 | O3: 46119 | P3: 46126 | Q3: Тематична | S3: Семестрова | U3: Залік
A4: 1. | B4: Гриценко Денис Сергійович | C4: 4 | D4: 4 | E4: 4 | F4: 4 | G4: н | H4: н | I4: =IF(OR(ROUND(SUM(C4:H4)/MAX(6,COUNTIF(C4:H4, ">0")), 0) <= 1, COUNTIF(C4:H4, ">0") = 0), "н/а", ROUND(SUM(C4:H4)/MAX(6,COUNTIF(C4:H4, ">0")), 0)) -> 3 | J4: відрахований наказ №17-с/к від 27.02.2026
A5: 2. | B5: Гришков Едуард Сергійович | C5: н | D5: н | E5: н | F5: н | G5: н | H5: н | I5: =IF(OR(ROUND(SUM(C5:H5)/MAX(6,COUNTIF(C5:H5, ">0")), 0) <= 1, COUNTIF(C5:H5, ">0") = 0), "н/а", ROUND(SUM(C5:H5)/MAX(6,COUNTIF(C5:H5, ">0")), 0)) -> н/а | K5: н | L5: н | M5: н | N5: н | O5: відрахований наказ №29-с/к від 27.03.26
A6: 3. | B6: Дворник Іван Миколайович | C6: 3 | D6: 4 | E6: 4 | F6: 5 | G6: н | H6: 3 | I6: =IF(OR(ROUND(SUM(C6:H6)/MAX(6,COUNTIF(C6:H6, ">0")), 0) <= 1, COUNTIF(C6:H6, ">0") = 0), "н/а", ROUND(SUM(C6:H6)/MAX(6,COUNTIF(C6:H6, ">0")), 0)) -> 3 | K6: н | L6: н | M6: н | N6: 3 | O6: 3 | P6: н | Q6: =IF(OR(ROUND(SUM(K6:P6)/MAX(5,COUNTIF(K6:P6, ">0")), 0) <= 1, COUNTIF(K6:P6, ">0") = 0), "н/а", ROUND(SUM(K6:P6)/MAX(5,COUNTIF(K6:P6, ">0")), 0)) -> н/а | R6: 3 | S6: =IF(OR(I6="н/а", R6="н/а", ROUND(SUM(I6, R6)/2, 0) <= 1), "н/а", ROUND(SUM(R6, R6)/2, 0)) -> 3 | U6: =S6 -> 3
A7: 4. | B7: Демченко Максим Сергійович | C7: н | D7: н | E7: н | F7: н | G7: відрахований наказ №15-с/к від 18.02.2026
A8: 5. | B8: Івахненко Олександр Олександрович | C8: н | D8: н | E8: н | F8: н | G8: академічна відпустка наказ №14-с/к від 16.02.26
A9: 6. | B9: Ішков Леонід Вікторович | C9: 5 | D9: 5 | E9: 4 | F9: 5 | G9: 5 | H9: 4 | I9: =IF(OR(ROUND(SUM(C9:H9)/MAX(6,COUNTIF(C9:H9, ">0")), 0) <= 1, COUNTIF(C9:H9, ">0") = 0), "н/а", ROUND(SUM(C9:H9)/MAX(6,COUNTIF(C9:H9, ">0")), 0)) -> 5 | K9: 5 | L9: 5 | M9: 5 | N9: 5 | O9: 5 | Q9: =IF(OR(ROUND(SUM(K9:P9)/MAX(5,COUNTIF(K9:P9, ">0")), 0) <= 1, COUNTIF(K9:P9, ">0") = 0), "н/а", ROUND(SUM(K9:P9)/MAX(5,COUNTIF(K9:P9, ">0")), 0)) -> 5 | S9: =IF(OR(I9="н/а", Q9="н/а", ROUND(SUM(I9, Q9)/2, 0) <= 1), "н/а", ROUND(SUM(I9, Q9)/2, 0)) -> 5 | U9: =S9 -> 5
A10: 7. | B10: Каратаєв Данііл Сергійович | C10: 3 | D10: 3 | E10: 4 | F10: 4 | G10: н | H10: 3 | I10: =IF(OR(ROUND(SUM(C10:H10)/MAX(6,COUNTIF(C10:H10, ">0")), 0) <= 1, COUNTIF(C10:H10, ">0") = 0), "н/а", ROUND(SUM(C10:H10)/MAX(6,COUNTIF(C10:H10, ">0")), 0)) -> 3 | K10: 4 | M10: 4 | N10: 2 | P10: н | Q10: =IF(OR(ROUND(SUM(K10:P10)/MAX(5,COUNTIF(K10:P10, ">0")), 0) <= 1, COUNTIF(K10:P10, ">0") = 0), "н/а", ROUND(SUM(K10:P10)/MAX(5,COUNTIF(K10:P10, ">0")), 0)) -> 2 | S10: =IF(OR(I10="н/а", Q10="н/а", ROUND(SUM(I10, Q10)/2, 0) <= 1), "н/а", ROUND(SUM(I10, Q10)/2, 0)) -> 3 | U10: =S10 -> 3
A11: 8. | B11: Кисляков Дмитро Олександрович | C11: 5 | D11: 4 | E11: 4 | F11: 4 | H11: 5 | I11: =IF(OR(ROUND(SUM(C11:H11)/MAX(6,COUNTIF(C11:H11, ">0")), 0) <= 1, COUNTIF(C11:H11, ">0") = 0), "н/а", ROUND(SUM(C11:H11)/MAX(6,COUNTIF(C11:H11, ">0")), 0)) -> 4 | K11: 4 | L11: н | M11: 5 | N11: 5 | O11: 5 | Q11: =IF(OR(ROUND(SUM(K11:P11)/MAX(5,COUNTIF(K11:P11, ">0")), 0) <= 1, COUNTIF(K11:P11, ">0") = 0), "н/а", ROUND(SUM(K11:P11)/MAX(5,COUNTIF(K11:P11, ">0")), 0)) -> 4 | S11: =IF(OR(I11="н/а", Q11="н/а", ROUND(SUM(I11, Q11)/2, 0) <= 1), "н/а", ROUND(SUM(I11, Q11)/2, 0)) -> 4 | U11: =S11 -> 4
A12: 9. | B12: Ковальчук Арсеній Борисович | C12: н | D12: н | E12: н | F12: н | G12: н | H12: н | I12: =IF(OR(ROUND(SUM(C12:H12)/MAX(6,COUNTIF(C12:H12, ">0")), 0) <= 1, COUNTIF(C12:H12, ">0") = 0), "н/а", ROUND(SUM(C12:H12)/MAX(6,COUNTIF(C12:H12, ">0")), 0)) -> н/а | J12: відрахований наказ №17-с/к від 27.02.2026
A13: 10. | B13: Кутєхов Назарій Олександрович | C13: 3 | D13: 3 | E13: 3 | F13: 3 | G13: н | H13: 3 | I13: =IF(OR(ROUND(SUM(C13:H13)/MAX(6,COUNTIF(C13:H13, ">0")), 0) <= 1, COUNTIF(C13:H13, ">0") = 0), "н/а", ROUND(SUM(C13:H13)/MAX(6,COUNTIF(C13:H13, ">0")), 0)) -> 3 | K13: н | L13: н | M13: н | N13: н | O13: н | P13: н | Q13: =IF(OR(ROUND(SUM(K13:P13)/MAX(5,COUNTIF(K13:P13, ">0")), 0) <= 1, COUNTIF(K13:P13, ">0") = 0), "н/а", ROUND(SUM(K13:P13)/MAX(5,COUNTIF(K13:P13, ">0")), 0)) -> н/а | S13: =IF(OR(I13="н/а", Q13="н/а", ROUND(SUM(I13, Q13)/2, 0) <= 1), "н/а", ROUND(SUM(I13, Q13)/2, 0)) -> н/а | U13: =S13 -> н/а
A14: 11. | B14: Малюк Нікіта Сергійович | C14: н | D14: 4 | E14: 3 | F14: 4 | G14: н | H14: 4 | I14: =IF(OR(ROUND(SUM(C14:H14)/MAX(6,COUNTIF(C14:H14, ">0")), 0) <= 1, COUNTIF(C14:H14, ">0") = 0), "н/а", ROUND(SUM(C14:H14)/MAX(6,COUNTIF(C14:H14, ">0")), 0)) -> 3 | K14: 5 | M14: н | N14: н | O14: н | P14: н | Q14: 2 | S14: =IF(OR(I14="н/а", Q14="н/а", ROUND(SUM(I14, Q14)/2, 0) <= 1), "н/а", ROUND(SUM(I14, Q14)/2, 0)) -> 3 | U14: =S14 -> 3
A15: 12. | B15: Мезенцев Кирило Анатолійович | C15: н | D15: н | E15: н | F15: н | G15: н | H15: н | I15: =IF(OR(ROUND(SUM(C15:H15)/MAX(6,COUNTIF(C15:H15, ">0")), 0) <= 1, COUNTIF(C15:H15, ">0") = 0), "н/а", ROUND(SUM(C15:H15)/MAX(6,COUNTIF(C15:H15, ">0")), 0)) -> н/а | J15: відрахований наказ №18-с/к від 04.04.26
A16: 13. | B16: Надіров Расім Аріфович | C16: н | D16: н | E16: н | F16: н | G16: н | H16: н | I16: академічна відпустка наказ №16-с/к від 25.02.26
A17: 14. | B17: Онищенко Ярослав Віталійович | C17: н | D17: н | E17: н | F17: н | G17: н | H17: н | I17: =IF(OR(ROUND(SUM(C17:H17)/MAX(6,COUNTIF(C17:H17, ">0")), 0) <= 1, COUNTIF(C17:H17, ">0") = 0), "н/а", ROUND(SUM(C17:H17)/MAX(6,COUNTIF(C17:H17, ">0")), 0)) -> н/а | J17: відрахований наказ №17-с/к від 27.02.2026
A18: 15. | B18: Павлюк Дмитро Ігорович | C18: н | D18: н | E18: н | F18: н | G18: н | H18: н | I18: =IF(OR(ROUND(SUM(C18:H18)/MAX(6,COUNTIF(C18:H18, ">0")), 0) <= 1, COUNTIF(C18:H18, ">0") = 0), "н/а", ROUND(SUM(C18:H18)/MAX(6,COUNTIF(C18:H18, ">0")), 0)) -> н/а | J18: відрахований наказ №26-с/к від 17.03.2026
A19: 16. | B19: Плетій Андрій Анатолійович | C19: н | D19: н | E19: н | F19: н | G19: н | H19: н | I19: =IF(OR(ROUND(SUM(C19:H19)/MAX(6,COUNTIF(C19:H19, ">0")), 0) <= 1, COUNTIF(C19:H19, ">0") = 0), "н/а", ROUND(SUM(C19:H19)/MAX(6,COUNTIF(C19:H19, ">0")), 0)) -> н/а | J19: відрахований наказ №18-с/к від 04.04.26
A20: 17. | B20: Портаненко Гліб Олександрович | C20: н | D20: 5 | E20: 5 | F20: 4 | G20: н | H20: 5 | I20: =IF(OR(ROUND(SUM(C20:H20)/MAX(6,COUNTIF(C20:H20, ">0")), 0) <= 1, COUNTIF(C20:H20, ">0") = 0), "н/а", ROUND(SUM(C20:H20)/MAX(6,COUNTIF(C20:H20, ">0")), 0)) -> 3 | K20: 4 | L20: н | M20: 5 | N20: 4 | O20: 4 | P20: н | Q20: =IF(OR(ROUND(SUM(K20:P20)/MAX(5,COUNTIF(K20:P20, ">0")), 0) <= 1, COUNTIF(K20:P20, ">0") = 0), "н/а", ROUND(SUM(K20:P20)/MAX(5,COUNTIF(K20:P20, ">0")), 0)) -> 3 | S20: =IF(OR(I20="н/а", Q20="н/а", ROUND(SUM(I20, Q20)/2, 0) <= 1), "н/а", ROUND(SUM(I20, Q20)/2, 0)) -> 3 | U20: =S20 -> 3
A21: 18. | B21: Ткаченко Кирило Сергійович | D21: 3 | E21: 3 | F21: 5 | G21: н | H21: 4 | I21: =IF(OR(ROUND(SUM(C21:H21)/MAX(6,COUNTIF(C21:H21, ">0")), 0) <= 1, COUNTIF(C21:H21, ">0") = 0), "н/а", ROUND(SUM(C21:H21)/MAX(6,COUNTIF(C21:H21, ">0")), 0)) -> 3 | K21: 4 | M21: н | N21: н | O21: н | P21: н | Q21: =IF(OR(ROUND(SUM(K21:P21)/MAX(5,COUNTIF(K21:P21, ">0")), 0) <= 1, COUNTIF(K21:P21, ">0") = 0), "н/а", ROUND(SUM(K21:P21)/MAX(5,COUNTIF(K21:P21, ">0")), 0)) -> н/а | R21: 3 | S21: =IF(OR(I21="н/а", Q21="н/а", ROUND(SUM(I21, Q21)/2, 0) <= 1), "н/а", ROUND(SUM(I21, Q21)/2, 0)) -> н/а | T21: 3 | U21: =S21 -> н/а | V21: 3
A22: 19. | B22: Царюк Єгор Андрійович | C22: 5 | D22: 4 | E22: 4 | F22: 3 | G22: 5 | H22: 3 | I22: =IF(OR(ROUND(SUM(C22:H22)/MAX(6,COUNTIF(C22:H22, ">0")), 0) <= 1, COUNTIF(C22:H22, ">0") = 0), "н/а", ROUND(SUM(C22:H22)/MAX(6,COUNTIF(C22:H22, ">0")), 0)) -> 4 | K22: 3 | L22: 5 | M22: 5 | O22: 4 | Q22: =IF(OR(ROUND(SUM(K22:P22)/MAX(5,COUNTIF(K22:P22, ">0")), 0) <= 1, COUNTIF(K22:P22, ">0") = 0), "н/а", ROUND(SUM(K22:P22)/MAX(5,COUNTIF(K22:P22, ">0")), 0)) -> 3 | S22: =IF(OR(I22="н/а", Q22="н/а", ROUND(SUM(I22, Q22)/2, 0) <= 1), "н/а", ROUND(SUM(I22, Q22)/2, 0)) -> 4 | U22: =S22 -> 4
A23: 20. | B23: Дорубайло Ілля Олексійович | C23: н | D23: н | E23: н | F23: н | G23: н | H23: н | I23: =IF(OR(ROUND(SUM(C23:H23)/MAX(6,COUNTIF(C23:H23, ">0")), 0) <= 1, COUNTIF(C23:H23, ">0") = 0), "н/а", ROUND(SUM(C23:H23)/MAX(6,COUNTIF(C23:H23, ">0")), 0)) -> н/а | K23: н | L23: н | M23: н | N23: н | O23: н | P23: н | Q23: =IF(OR(ROUND(SUM(K23:P23)/MAX(5,COUNTIF(K23:P23, ">0")), 0) <= 1, COUNTIF(K23:P23, ">0") = 0), "н/а", ROUND(SUM(K23:P23)/MAX(5,COUNTIF(K23:P23, ">0")), 0)) -> н/а | S23: =IF(OR(I23="н/а", Q23="н/а", ROUND(SUM(I23, Q23)/2, 0) <= 1), "н/а", ROUND(SUM(I23, Q23)/2, 0)) -> н/а | U23: =S23 -> н/а
C24: дз | D24: тест | E24: тест | F24: тест | G24: пр1 | H24: тест | K24: тест | L24: пр2 | M24: тест | N24: тест | O24: тест
A25: № | B25: Дата | C25: Години | D25: яч | M25: Домашня робота
A26: 1 | B26: 46080 | C26: 2 | D26: Тема 1.1. Концепція захисту інформації та інформаційних технологій. Концепція захисту інформації та інформаційних технологій. Категорії комп’ютерної безпеки | M26: Домашня робота в classroom
A27: 2 | B27: 46056 | C27: 2 | D27: Правове регулювання обігу та захисту інформації | M27: Тест в classroom
A28: 3 | B28: 46063 | C28: 2 | D28: Основні види загроз конфіденційності інформації | M28: Тест в classroom
A29: 4 | B29: 46070 | C29: 2 | D29: Тема 1.2 Основні методи захисту ПЗ Основні методи захисту ПЗ: від вірусів, від незадекларованих можливостей ПЗ (закладок) | M29: Тест в classroom
A30: 5 | B30: 46077 | C30: 2 | D30: ПР №1. Вивчення перших методів шифрування інформації | M30: Практична №1
A31: 6 | B31: 46084 | C31: 2 | D31: ПР №2. Огляд складових інформаційної безпеки | M31: Тест в classroom
A32: 7 | B32: 46091 | C32: 2 | D32: Розділ ІІ. Комплексна система захисту інформації Тема 1.3 Організація системи захисту інформації | M32: Тест в classroom
A33: 8 | B33: 46098 | C33: 2 | D33: Організація системи захисту інформації. Політика безпеки | M33: Практична №2
A34: 9 | B34: 46105 | C34: 2 | D34: ПР №3. Використання кейлогерів для збереження інформації. | M34: Тест в classroom
A35: 10 | B35: 46112 | C35: 2 | D35: ПР №4. Генерування і використання електронного цифрового підпису для реалізації захисту файлів користувача. | M35: Тест в classroom
A36: 11 | B36: 46119 | C36: 2 | D36: Захист інформації шляхом перетворення. Криптографічні вимоги до захисту інформації | M36: Тест в classroom
A37: 12 | B37: 46126 | C37: 2 | D37: Робота з криптографічними засобами шифрування інформації

Sheet Компютерна логіка
B1: Назва дисципліни | C1: Комп'ютерна логіка (КМ-42)
B2: Викладач | C2: Науменко П.В.
A3: № | B3: ПІБ студента | C3: 45943 | D3: 45945 | E3: 45947 | F3: 45948 | G3: 45950 | H3: 45952 | I3: 45954 | J3: 45957 | K3: Тематична | M3: 45959 | N3: 45961 | O3: 45964 | P3: 45966 | Q3: 45968 | R3: 45971 | S3: 45973 | T3: 45975 | U3: Тематична | W3: 45976 | X3: 45978 | Y3: 45980 | Z3: 45982 | AA3: 45985 | AB3: 45987 | AC3: 45989 | AD3: 45992 | AE3: Тематична | AG3: 45994 | AH3: 45996 | AI3: 45999 | AJ3: 46001 | AK3: 46003 | AL3: 46004 | AM3: 46006 | AN3: 46008 | AO3: 46009 | AP3: 46010 | AQ3: Тематична | AS3: Семестрова | AU3: Екзамен
A4: 1. | B4: Гриценко Денис Сергійович | C4: н | D4: 2 | E4: н | F4: н | G4: н | H4: н | I4: 2 | J4: н | K4: н/а | M4: н | N4: н | O4: 2 | P4: н | Q4: н | R4: н | S4: н | T4: н | U4: н/а | W4: н | X4: н | Y4: н | Z4: н | AA4: н | AB4: н | AC4: н | AD4: н | AE4: н/а | AG4: н | AH4: н | AI4: н | AJ4: н | AK4: н | AL4: н | AM4: н | AN4: н | AO4: н | AP4: н | AQ4: н/а | AS4: н/а | AU4: н/д | AV4: відрахований наказ №17-с/к від 27.02.2026
A5: 2. | B5: Гришков Едуард Сергійович | C5: н | D5: н | E5: н | F5: н | G5: н | H5: н | I5: н | J5: н | K5: н/а | M5: н | N5: н | O5: н | P5: н | Q5: н | R5: н | S5: н | T5: н | U5: н/а | W5: н | X5: н | Y5: н | Z5: н | AA5: н | AB5: н | AC5: н | AD5: н | AE5: н/а | AG5: н | AH5: н | AI5: н | AJ5: н | AK5: н | AL5: н | AM5: н | AN5: н | AO5: н | AP5: н | AQ5: н/а | AS5: н/а | AU5: н/д | AV5: відрахований наказ №29-с/к від 27.03.26
A6: 3. | B6: Дворник Іван Миколайович | D6: 5 | F6: н | G6: 3 | H6: н | I6: 5 | K6: 4 | M6: н | N6: н | O6: 5 | P6: н | Q6: 3 | R6: н | S6: н | T6: н | U6: 4 | W6: н | Y6: н | AA6: н | AB6: н | AC6: н | AE6: н/а | AF6: 3 | AG6: н | AI6: н | AK6: 5 | AL6: н | AM6: 3 | AN6: 5 | AO6: 5 | AP6: н | AQ6: 5 | AS6: 4 | AU6: 4
A7: 4. | B7: Демченко Максим Сергійович | C7: н | D7: н | E7: н | F7: н | G7: н | H7: н | I7: н | J7: н | K7: н/а | M7: н | N7: н | O7: н | P7: н | Q7: н | R7: н | S7: н | T7: н | U7: н/а | W7: н | X7: н | Y7: н | Z7: н | AA7: н | AB7: н | AC7: н | AD7: н | AE7: н/а | AG7: н | AH7: н | AI7: н | AJ7: н | AK7: н | AL7: н | AM7: н | AN7: н | AO7: н | AP7: н | AQ7: н/а | AS7: н/а | AU7: н/д | AV7: відрахований наказ №15-с/к від 18.02.2026
A8: 5. | B8: Івахненко Олександр Олександрович | C8: н | D8: н | E8: н | F8: н | G8: н | H8: н | I8: н | J8: н | K8: н/а | M8: н | N8: н | O8: н | P8: н | Q8: н | R8: н | S8: н | T8: н | U8: н/а | W8: н | X8: н | Y8: н | Z8: н | AA8: н | AB8: н | AC8: н | AD8: н | AE8: н/а | AG8: н | AH8: н | AI8: н | AJ8: н | AK8: н | AL8: н | AM8: н | AN8: н | AO8: н | AP8: н | AQ8: н/а | AS8: н/а | AU8: н/д | AV8: академічна відпустка наказ №14-с/к від 16.02.26
A9: 6. | B9: Ішков Леонід Вікторович | D9: 5 | G9: 5 | I9: 5 | K9: 5 | M9: 5 | O9: 5 | Q9: 5 | S9: 5 | U9: 5 | W9: 5 | AA9: 5 | AB9: 5 | AE9: 5 | AG9: 5 | AK9: 5 | AM9: 5 | AN9: 5 | AO9: 5 | AQ9: 5 | AS9: 5 | AU9: 5
A10: 7. | B10: Каратаєв Данііл Сергійович | D10: н | E10: 4 | F10: н | G10: 3 | H10: 5 | I10: н | J10: н | K10: 4 | M10: 4 | N10: 4 | O10: 5 | P10: н | Q10: 2 | R10: н | S10: 5 | T10: н | U10: 4 | W10: н | X10: н | AA10: 3 | AB10: 2 | AE10: 3 | AG10: 2 | AK10: н | AM10: 5 | AN10: 5 | AO10: 5 | AQ10: 4 | AS10: 4 | AU10: 4
A11: 8. | B11: Кисляков Дмитро Олександрович | D11: 5 | E11: н | F11: н | G11: н | H11: н | I11: 2 | J11: 2 | K11: 3 | M11: 5 | O11: н | Q11: 5 | R11: н | S11: н | T11: 5 | U11: 5 | W11: 3 | Y11: н | AA11: н | AB11: 5 | AD11: 5 | AE11: 4 | AG11: 2 | AK11: 5 | AM11: н | AN11: 5 | AO11: 5 | AQ11: 4 | AS11: 4 | AU11: 4
A12: 9. | B12: Ковальчук Арсеній Борисович | C12: н | D12: н | E12: н | F12: н | G12: н | H12: н | I12: н | J12: н | K12: н/а | M12: н | N12: н | O12: н | P12: н | Q12: н | R12: н | S12: н | T12: н | U12: н/а | W12: н | X12: н | Y12: н | Z12: н | AA12: н | AB12: н | AC12: н | AD12: н | AE12: н/а | AG12: н | AH12: н | AI12: н | AJ12: н | AK12: н | AL12: н | AM12: н | AN12: н | AO12: н | AP12: н | AQ12: н/а | AS12: н/а | AU12: н/д | AV12: відрахований наказ №17-с/к від 27.02.2026
A13: 10. | B13: Кутєхов Назарій Олександрович | C13: н | D13: н | E13: н | F13: н | G13: н | H13: н | I13: н | J13: н | K13: н/а | L13: 3 | M13: н | N13: н | O13: н | P13: н | Q13: н | R13: н | S13: н | T13: н | U13: н/а | V13: 3 | W13: н | X13: н | Y13: н | Z13: н | AA13: н | AB13: н | AC13: н | AD13: н | AE13: н/а | AF13: 3 | AG13: н | AH13: н | AI13: н | AJ13: н | AK13: н | AL13: н | AM13: н | AN13: н | AO13: н | AP13: н | AQ13: н/а | AS13: н/а | AT13: 3 | AU13: н/д | AV13: 3
A14: 11. | B14: Малюк Нікіта Сергійович | C14: н | D14: н | E14: н | F14: н | G14: 2 | H14: 4 | I14: 4 | J14: н | K14: 3 | N14: н | O14: 4 | P14: н | Q14: 4 | R14: н | S14: н | T14: н | U14: 4 | W14: н | X14: н | Y14: н | Z14: н | AB14: н | AC14: н | AE14: н/а | AF14: 3 | AG14: 5 | AK14: н | AL14: н | AM14: 2 | AN14: 5 | AO14: 2 | AQ14: 3 | AS14: 3 | AU14: 3
A15: 12. | B15: Мезенцев Кирило Анатолійович | C15: н | D15: н | E15: н | F15: н | G15: н | H15: н | I15: н | J15: н | K15: н/а | M15: н | N15: н | O15: н | P15: н | Q15: н | R15: н | S15: н | T15: н | U15: н/а | W15: н | X15: н | Y15: н | Z15: н | AA15: н | AB15: н | AC15: н | AD15: н | AE15: н/а | AG15: н | AH15: н | AI15: н | AJ15: н | AK15: н | AL15: н | AM15: н | AN15: н | AO15: н | AP15: н | AQ15: н/а | AS15: н/а | AU15: н/д | AV15: відрахований наказ №18-с/к від 04.04.26
A16: 13. | B16: Надіров Расім Аріфович | C16: н | D16: н | E16: н | F16: н | G16: н | H16: н | I16: н | J16: н | K16: н/а | M16: н | N16: н | O16: н | P16: н | Q16: н | R16: н | S16: н | T16: н | U16: н/а | W16: н | X16: н | Y16: н | Z16: н | AA16: н | AB16: н | AC16: н | AD16: н | AE16: н/а | AG16: н | AH16: н | AI16: н | AJ16: н | AK16: н | AL16: н | AM16: н | AN16: н | AO16: н | AP16: н | AQ16: н/а | AS16: н/а | AU16: н/д | AV16: академічна відпустка наказ №16-с/к від 25.02.26
A17: 14. | B17: Онищенко Ярослав Віталійович | C17: н | D17: н | E17: н | F17: н | G17: н | H17: н | I17: н | J17: н | K17: н/а | M17: н | N17: н | O17: н | P17: н | Q17: н | R17: н | S17: н | T17: н | U17: н/а | W17: н | X17: н | Y17: н | Z17: н | AA17: н | AB17: н | AC17: н | AD17: н | AE17: н/а | AG17: н | AH17: н | AI17: н | AJ17: н | AK17: н | AL17: н | AM17: н | AN17: н | AO17: н | AP17: н | AQ17: н/а | AS17: н/а | AU17: н/д | AV17: відрахований наказ №17-с/к від 27.02.2026
A18: 15. | B18: Павлюк Дмитро Ігорович | C18: н | D18: 2 | E18: н | F18: н | G18: н | H18: н | I18: н | J18: н | K18: н/а | M18: н | N18: н | O18: н | P18: н | Q18: н | R18: н | S18: н | T18: н | U18: н/а | W18: н | X18: н | Y18: н | Z18: н | AA18: н | AB18: н | AC18: н | AD18: н | AE18: н/а | AG18: н | AH18: н | AI18: н | AJ18: н | AK18: н | AL18: н | AM18: н | AN18: н | AO18: н | AP18: н | AQ18: н/а | AS18: н/а | AU18: н/д | AV18: відрахований наказ №26-с/к від 17.03.2026
A19: 16. | B19: Плетій Андрій Анатолійович | C19: н | D19: н | E19: н | F19: н | G19: н | H19: н | I19: н | J19: н | K19: н/а | M19: н | N19: н | O19: н | P19: н | Q19: н | R19: н | S19: н | T19: н | U19: н/а | W19: н | X19: н | Y19: н | Z19: н | AA19: н | AB19: н | AC19: н | AD19: н | AE19: н/а | AG19: н | AH19: н | AI19: н | AJ19: н | AK19: н | AL19: н | AM19: н | AN19: н | AO19: н | AP19: н | AQ19: н/а | AS19: н/а | AU19: н/д | AV19: відрахований наказ №18-с/к від 04.04.26
A20: 17. | B20: Портаненко Гліб Олександрович | D20: 2 | E20: 3 | F20: н | G20: н | H20: н | I20: н | J20: н | K20: н/а | L20: 3 | M20: н | N20: н | O20: 2 | Q20: н | R20: н | S20: н | T20: н | U20: н/а | V20: 3 | W20: н | X20: н | Y20: н | Z20: н | AA20: н | AB20: н | AE20: н/а | AF20: 3 | AG20: 2 | AJ20: н | AK20: 2 | AL20: н | AM20: 3 | AN20: 5 | AO20: 5 | AQ20: 3 | AS20: 3 | AU20: 3
A21: 18. | B21: Ткаченко Кирило Сергійович | D21: 2 | E21: н | F21: н | G21: 2 | H21: н | I21: 3 | J21: н | K21: 3 | N21: н | O21: 3 | Q21: н | R21: 3 | S21: н | T21: 3 | U21: 3 | W21: 2 | X21: н | Y21: н | Z21: н | AA21: 2 | AB21: н | AE21: н/а | AF21: 3 | AG21: 2 | AJ21: н | AK21: 3 | AL21: н | AM21: 2 | AN21: 2 | AO21: 5 | AQ21: 3 | AS21: 3 | AU21: 3
A22: 19. | B22: Царюк Єгор Андрійович | D22: н | E22: н | F22: н | G22: 5 | H22: н | I22: 2 | J22: 5 | K22: 4 | M22: н | N22: н | O22: н | P22: н | Q22: н | R22: н | S22: 5 | T22: н | U22: н/а | V22: 4 | W22: н | Z22: н | AA22: н | AB22: н | AC22: н | AD22: н | AE22: н/а | AF22: 3 | AG22: 2 | AH22: н | AK22: 5 | AL22: н | AM22: 5 | AN22: 5 | AO22: 5 | AQ22: 4 | AS22: 4 | AU22: 4
A23: 20. | B23: Дорубайло Ілля Олексійович
A24: № | B24: Дата | C24: Години | D24: Тема заняття | M24: Домашня робота
A25: 1 | B25: 45943 | C25: 2 | D25: Основні положення та означення комп’ютерної логіки.
A26: 2 | B26: 45945 | C26: 2 | D26: Практ. роб. з Основні положення та означення комп’ютерної логіки.
A27: 3 | B27: 45947 | C27: 2 | D27: Інформаційні основи комп’ютерної техніки.
A28: 4 | B28: 45948 | C28: 2 | D28: Практ. роб. з Інформаційні основи комп’ютерної техніки.
A29: 5 | B29: 45950 | C29: 2 | D29: Алгебри перемикальних функцій.
A30: 6 | B30: 45952 | C30: 2 | D30: Практ. роб. з Алгебри перемикальних функцій. (частина 1)
B31: жовтень | C31: 12
A32: 7 | B32: 45954 | C32: 2 | D32: Практ. роб. з Алгебри перемикальних функцій. (частина 2)
A33: 8 | B33: 45957 | C33: 2 | D33: Методи мінімізації перемикальних функцій.
A34: 9 | B34: 45959 | C34: 2 | D34: Практ. роб. з Методи мінімізації перемикальних функцій.
A35: 10 | B35: 45961 | C35: 2 | D35: Синтез комбінаційних схем у різних елементних базисах.
A36: 11 | B36: 45964 | C36: 2 | D36: Практ. роб. з Синтез комбінаційних схем у різних елементних базисах.
A37: 12 | B37: 45966 | C37: 2 | D37: Основи теорії цифрових автоматів з пам’яттю.
A38: 13 | B38: 45968 | C38: 2 | D38: Практ. роб. з Основи теорії цифрових автоматів з пам’яттю.
A39: 14 | B39: 45971 | C39: 2 | D39: Методи синтезу цифрових автоматів з пам'яттю.
A40: 15 | B40: 45973 | C40: 2 | D40: Практ. роб. з Методи синтезу цифрових автоматів з пам'яттю.
A41: 16 | B41: 45975 | C41: 2 | D41: Аналіз логічних схем та динамічних процесів в цифрових автоматах.
A42: 17 | B42: 45976 | C42: 2 | D42: Практ. роб. з Аналіз логічних схем та динамічних процесів в цифрових автоматах.
B43: листопад | C43: 22
A44: 18 | B44: 45978 | C44: 2 | D44: Типові цифрові схеми комп’ютерів (частина 1).
A45: 19 | B45: 45980 | C45: 2 | D45: Типові цифрові схеми комп’ютерів (частина 2).
A46: 20 | B46: 45982 | C46: 2 | D46: Практ. роб. з Типові цифрові схеми комп’ютерів.
A47: 21 | B47: 45985 | C47: 2 | D47: Введення в теорію систем числення.
A48: 22 | B48: 45987 | C48: 2 | D48: Практ. роб. з Введення в теорію систем числення.
A49: 23 | B49: 45989 | C49: 2 | D49: Форми подання та кодування чисел в комп’ютерах.
A50: 24 | B50: 45992 | C50: 2 | D50: Практ. роб. з Форми подання та кодування чисел в комп’ютерах.
A51: 25 | B51: 45994 | C51: 2 | D51: Операції з фіксованою комою.
A52: 26 | B52: 45999 | C52: 2 | D52: Практ. роб. з Операції з фіксованою комою. (частина 1)
A53: 27 | B53: 46001 | C53: 2 | D53: Практ. роб. з Операції з фіксованою комою. (частина 2)
A54: 28 | B54: 46003 | C54: 2 | D54: Операції з плаваючою комою.
A55: 29 | B55: 46004 | C55: 2 | D55: Практ. роб. з Операції з плаваючою комою.
B56: грудень | C56: 24
A57: 30 | B57: 46006 | C57: 2 | D57: Синтез операційних автоматів.
A58: 31 | B58: 46008 | C58: 2 | D58: Практ. роб. з Синтез операційних автоматів.
A59: 32 | B59: 46009 | C59: 2 | D59: Цифрові автомати як основа побудови комп’ютерів.
A60: 33 | B60: 46010 | C60: 2 | D60: Практ. роб. з Цифрові автомати як основа побудови комп’ютерів.
B62: 46030 | D62: Консультація до екзамену
B64: 46031 | D64: Екзамен
C65: 13
D66: За планом 66 години. Фактично виконано 66 години. З них в дистанційному режимі 44 годин. Програму виконано.

Sheet Компютерні мережі
B1: Назва дисципліни | C1: Комп'ютерні мережі
B2: Викладач | C2: Коваль А.М. | AO2: 4 | AY2: 5 | BI2: 6 | BQ2: 7 | BY2: 8
A3: № | B3: ПІБ студента | C3: 45944 | D3: 45945 | E3: 45951 | F3: 45952 | G3: 45958 | H3: 45959 | I3: 45962 | J3: 45965 | K3: Тематична | M3: 45966 | N3: 45972 | O3: 45973 | P3: 45976 | Q3: 45979 | R3: 45980 | S3: 45986 | T3: 45987 | U3: Тематична | W3: 45993 | X3: 45994 | Y3: 46000 | Z3: 46001 | AA3: 46007 | AB3: 46008 | AC3: Тематична | AE3: Семестрова | AG3: 46049 | AH3: 46050 | AI3: 46051 | AJ3: 46056 | AK3: 46057 | AL3: 46058 | AM3: 46063 | AN3: 46064 | AO3: Тематична | AQ3: 46065 | AR3: 46070 | AS3: 46071 | AT3: 46072 | AU3: 46077 | AV3: 46078 | AW3: 46079 | AX3: 46084 | AY3: Тематична | BA3: 46085 | BB3: 46086 | BC3: 46091 | BD3: 46092 | BE3: 46093 | BF3: 46098 | BG3: 46099 | BH3: 46100 | BI3: Тематична | BK3: 46105 | BL3: 46106 | BM3: 46107 | BN3: 46112 | BO3: 46113 | BP3: 46114 | BQ3: Тематична | BS3: 46119 | BT3: 46120 | BU3: 46121 | BV3: 46126 | BW3: 46127 | BX3: 46128 | BY3: Тематична | CA3: Семестрова II | CC3: Іспит
A4: 1. | B4: Гриценко Денис Сергійович | C4: 3 | D4: 3 | E4: 5 | F4: 2 | G4: н | H4: н | I4: н | J4: н | K4: =IF(OR(ROUND(SUM(C4:J4)/MAX(5,COUNTIF(C4:J4, ">0")), 0) <= 1, COUNTIF(C4:J4, ">0") = 0), "н/а", ROUND(SUM(C4:J4)/MAX(5,COUNTIF(C4:J4, ">0")), 0)) -> 3 | M4: н | N4: н | O4: н | P4: 4 | Q4: н | R4: н | S4: 4 | T4: 3 | U4: =IF(OR(ROUND(SUM(M4:T4)/MAX(4,COUNTIF(M4:T4, ">0")), 0) <= 1, COUNTIF(M4:T4, ">0") = 0), "н/а", ROUND(SUM(M4:T4)/MAX(4,COUNTIF(M4:T4, ">0")), 0)) -> 3 | W4: 3 | X4: н | Y4: н | Z4: н | AA4: н | AB4: н | AC4: н/а | AE4: н/а | AG4: 3 | AH4: 3 | AI4: н | AJ4: н | AK4: 3 | AL4: н | AM4: 4 | AN4: н | AO4: =IF(OR(ROUND(SUM(AG4:AN4)/MAX(4,COUNTIF(AG4:AN4, ">0")), 0) <= 1, COUNTIF(AG4:AN4, ">0") = 0), "н/а", ROUND(SUM(AG4:AN4)/MAX(4,COUNTIF(AG4:AN4, ">0")), 0)) -> 3 | AQ4: 4 | AR4: н | AS4: н | AT4: н | AU4: н | AV4: н | AW4: н | AX4: н | AY4: =IF(OR(ROUND(SUM(AQ4:AX4)/MAX(4,COUNTIF(AQ4:AX4, ">0")), 0) <= 1, COUNTIF(AQ4:AX4, ">0") = 0), "н/а", ROUND(SUM(AQ4:AX4)/MAX(4,COUNTIF(AQ4:AX4, ">0")), 0)) -> н/а | BA4: н | BB4: н | BC4: відрахований наказ №17-с/к від 27.02.2026
A5: 2. | B5: Гришков Едуард Сергійович | C5: н | D5: н | E5: н | F5: н | G5: н | H5: н | I5: н | J5: н | K5: =IF(OR(ROUND(SUM(C5:J5)/MAX(5,COUNTIF(C5:J5, ">0")), 0) <= 1, COUNTIF(C5:J5, ">0") = 0), "н/а", ROUND(SUM(C5:J5)/MAX(5,COUNTIF(C5:J5, ">0")), 0)) -> н/а | M5: н | N5: н | O5: н | P5: н | Q5: н | R5: н | S5: 2 | T5: н | U5: =IF(OR(ROUND(SUM(M5:T5)/MAX(4,COUNTIF(M5:T5, ">0")), 0) <= 1, COUNTIF(M5:T5, ">0") = 0), "н/а", ROUND(SUM(M5:T5)/MAX(4,COUNTIF(M5:T5, ">0")), 0)) -> н/а | W5: н | X5: н | Y5: н | Z5: н | AA5: н | AB5: н | AC5: н/а | AE5: н/а | AG5: н | AH5: н | AI5: н | AJ5: н | AK5: н | AL5: н | AM5: н | AN5: н | AO5: =IF(OR(ROUND(SUM(AG5:AN5)/MAX(4,COUNTIF(AG5:AN5, ">0")), 0) <= 1, COUNTIF(AG5:AN5, ">0") = 0), "н/а", ROUND(SUM(AG5:AN5)/MAX(4,COUNTIF(AG5:AN5, ">0")), 0)) -> н/а | AQ5: н | AR5: н | AS5: н | AT5: н | AU5: н | AV5: н | AW5: н | AX5: н | AY5: =IF(OR(ROUND(SUM(AQ5:AX5)/MAX(4,COUNTIF(AQ5:AX5, ">0")), 0) <= 1, COUNTIF(AQ5:AX5, ">0") = 0), "н/а", ROUND(SUM(AQ5:AX5)/MAX(4,COUNTIF(AQ5:AX5, ">0")), 0)) -> н/а | BA5: н | BB5: н | BC5: н | BD5: н | BE5: н | BF5: н | BG5: н | BH5: н | BI5: =IF(OR(ROUND(SUM(BA5:BH5)/MAX(5,COUNTIF(BA5:BH5, ">0")), 0) <= 1, COUNTIF(BA5:BH5, ">0") = 0), "н/а", ROUND(SUM(BA5:BH5)/MAX(5,COUNTIF(BA5:BH5, ">0")), 0)) -> н/а | BK5: н | BL5: н | BM5: н | BN5: н | BO5: відрахований наказ №29-с/к від 27.03.26
A6: 3. | B6: Дворник Іван Миколайович | C6: 3 | D6: 4 | E6: 4 | F6: н | G6: н | H6: н | I6: 2 | J6: 3 | K6: =IF(OR(ROUND(SUM(C6:J6)/MAX(5,COUNTIF(C6:J6, ">0")), 0) <= 1, COUNTIF(C6:J6, ">0") = 0), "н/а", ROUND(SUM(C6:J6)/MAX(5,COUNTIF(C6:J6, ">0")), 0)) -> 3 | M6: н | N6: н | O6: н | P6: н | Q6: н | R6: н | S6: 2 | T6: н | U6: =IF(OR(ROUND(SUM(M6:T6)/MAX(4,COUNTIF(M6:T6, ">0")), 0) <= 1, COUNTIF(M6:T6, ">0") = 0), "н/а", ROUND(SUM(M6:T6)/MAX(4,COUNTIF(M6:T6, ">0")), 0)) -> н/а | V6: 2 | W6: 3 | X6: н | Y6: н | Z6: н | AA6: н | AB6: 5 | AC6: 2 | AD6: 3 | AE6: =ROUND(SUM(K6,V6,AD6)/3,0) -> 3 | AG6: 3 | AH6: 4 | AI6: н | AJ6: н | AK6: 4 | AL6: н | AM6: 4 | AN6: н | AO6: =IF(OR(ROUND(SUM(AG6:AN6)/MAX(4,COUNTIF(AG6:AN6, ">0")), 0) <= 1, COUNTIF(AG6:AN6, ">0") = 0), "н/а", ROUND(SUM(AG6:AN6)/MAX(4,COUNTIF(AG6:AN6, ">0")), 0)) -> 4 | AQ6: 5 | AR6: н | AS6: н | AT6: н | AU6: 4 | AW6: 4 | AX6: 5 | AY6: =IF(OR(ROUND(SUM(AQ6:AX6)/MAX(4,COUNTIF(AQ6:AX6, ">0")), 0) <= 1, COUNTIF(AQ6:AX6, ">0") = 0), "н/а", ROUND(SUM(AQ6:AX6)/MAX(4,COUNTIF(AQ6:AX6, ">0")), 0)) -> 5 | BA6: н | BB6: н | BC6: н | BD6: н | BE6: н | BF6: н | BH6: 3 | BI6: =IF(OR(ROUND(SUM(BA6:BH6)/MAX(5,COUNTIF(BA6:BH6, ">0")), 0) <= 1, COUNTIF(BA6:BH6, ">0") = 0), "н/а", ROUND(SUM(BA6:BH6)/MAX(5,COUNTIF(BA6:BH6, ">0")), 0)) -> н/а | BJ6: 2 | BK6: 3 | BL6: 3 | BM6: 4 | BN6: н | BO6: н | BP6: 3 | BQ6: =IF(OR(ROUND(SUM(BK6:BP6)/MAX(5,COUNTIF(BK6:BP6, ">0")), 0) <= 1, COUNTIF(BK6:BP6, ">0") = 0), "н/а", ROUND(SUM(BK6:BP6)/MAX(5,COUNTIF(BK6:BP6, ">0")), 0)) -> 3 | BS6: 3 | BT6: н | BU6: 3 | BV6: н | BW6: н | BX6: 3 | BY6: =IF(OR(ROUND(SUM(BS6:BX6)/MAX(2,COUNTIF(BS6:BX6, ">0")), 0) <= 1, COUNTIF(BS6:BX6, ">0") = 0), "н/а", ROUND(SUM(BS6:BX6)/MAX(2,COUNTIF(BS6:BX6, ">0")), 0)) -> 3 | CA6: 3 | CC6: 3
A7: 4. | B7: Демченко Максим Сергійович | C7: н | D7: н | E7: н | F7: н | G7: н | H7: н | I7: н | J7: н | K7: =IF(OR(ROUND(SUM(C7:J7)/MAX(5,COUNTIF(C7:J7, ">0")), 0) <= 1, COUNTIF(C7:J7, ">0") = 0), "н/а", ROUND(SUM(C7:J7)/MAX(5,COUNTIF(C7:J7, ">0")), 0)) -> н/а | M7: н | N7: н | O7: н | P7: н | Q7: н | R7: н | S7: 2 | T7: н | U7: =IF(OR(ROUND(SUM(M7:T7)/MAX(4,COUNTIF(M7:T7, ">0")), 0) <= 1, COUNTIF(M7:T7, ">0") = 0), "н/а", ROUND(SUM(M7:T7)/MAX(4,COUNTIF(M7:T7, ">0")), 0)) -> н/а | W7: н | X7: н | Y7: н | Z7: н | AA7: н | AB7: н | AC7: н/а | AE7: н/а | AG7: н | AH7: н | AI7: н | AJ7: н | AK7: н | AL7: н | AM7: н | AN7: н | AO7: =IF(OR(ROUND(SUM(AG7:AN7)/MAX(4,COUNTIF(AG7:AN7, ">0")), 0) <= 1, COUNTIF(AG7:AN7, ">0") = 0), "н/а", ROUND(SUM(AG7:AN7)/MAX(4,COUNTIF(AG7:AN7, ">0")), 0)) -> н/а | AQ7: н | AR7: н | AS7: н | AT7: н | AU7: відрахований наказ №15-с/к від 18.02.2026
A8: 5. | B8: Івахненко Олександр Олександрович | C8: н | D8: н | E8: н | F8: н | G8: н | H8: н | I8: н | J8: н | K8: =IF(OR(ROUND(SUM(C8:J8)/MAX(5,COUNTIF(C8:J8, ">0")), 0) <= 1, COUNTIF(C8:J8, ">0") = 0), "н/а", ROUND(SUM(C8:J8)/MAX(5,COUNTIF(C8:J8, ">0")), 0)) -> н/а | M8: н | N8: н | O8: н | P8: н | Q8: н | R8: н | S8: 2 | T8: н | U8: =IF(OR(ROUND(SUM(M8:T8)/MAX(4,COUNTIF(M8:T8, ">0")), 0) <= 1, COUNTIF(M8:T8, ">0") = 0), "н/а", ROUND(SUM(M8:T8)/MAX(4,COUNTIF(M8:T8, ">0")), 0)) -> н/а | W8: н | X8: н | Y8: н | Z8: н | AA8: н | AB8: н | AC8: н/а | AE8: н/а | AG8: н | AH8: н | AI8: н | AJ8: н | AK8: н | AL8: н | AM8: н | AN8: н | AO8: =IF(OR(ROUND(SUM(AG8:AN8)/MAX(4,COUNTIF(AG8:AN8, ">0")), 0) <= 1, COUNTIF(AG8:AN8, ">0") = 0), "н/а", ROUND(SUM(AG8:AN8)/MAX(4,COUNTIF(AG8:AN8, ">0")), 0)) -> н/а | AQ8: н | AR8: н | AS8: н | AT8: н | AU8: академічна відпустка наказ №14-с/к від 16.02.26
A9: 6. | B9: Ішков Леонід Вікторович | C9: 5 | D9: 5 | E9: 5 | F9: н | I9: 5 | J9: 4 | K9: =IF(OR(ROUND(SUM(C9:J9)/MAX(5,COUNTIF(C9:J9, ">0")), 0) <= 1, COUNTIF(C9:J9, ">0") = 0), "н/а", ROUND(SUM(C9:J9)/MAX(5,COUNTIF(C9:J9, ">0")), 0)) -> 5 | M9: 5 | P9: 5 | S9: 5 | T9: 5 | U9: =IF(OR(ROUND(SUM(M9:T9)/MAX(4,COUNTIF(M9:T9, ">0")), 0) <= 1, COUNTIF(M9:T9, ">0") = 0), "н/а", ROUND(SUM(M9:T9)/MAX(4,COUNTIF(M9:T9, ">0")), 0)) -> 5 | W9: 5 | X9: 5 | AB9: 5 | AC9: =IF(OR(ROUND(SUM(W9:AB9)/MAX(3,COUNTIF(V9:AB9, ">0")), 0) <= 1, COUNTIF(W9:AB9, ">0") = 0), "н/а", ROUND(SUM(W9:AB9)/MAX(3,COUNTIF(W9:AB9, ">0")), 0)) -> 5 | AE9: =ROUND(SUM(K9,U9,AC9)/3,0) -> 5 | AG9: 5 | AH9: 5 | AJ9: 5 | AK9: 5 | AM9: 5 | AO9: =IF(OR(ROUND(SUM(AG9:AN9)/MAX(4,COUNTIF(AG9:AN9, ">0")), 0) <= 1, COUNTIF(AG9:AN9, ">0") = 0), "н/а", ROUND(SUM(AG9:AN9)/MAX(4,COUNTIF(AG9:AN9, ">0")), 0)) -> 5 | AQ9: 5 | AS9: н | AU9: 5 | AW9: 5 | AX9: 5 | AY9: =IF(OR(ROUND(SUM(AQ9:AX9)/MAX(4,COUNTIF(AQ9:AX9, ">0")), 0) <= 1, COUNTIF(AQ9:AX9, ">0") = 0), "н/а", ROUND(SUM(AQ9:AX9)/MAX(4,COUNTIF(AQ9:AX9, ">0")), 0)) -> 5 | BA9: 5 | BC9: 5 | BE9: 5 | BF9: 5 | BH9: 5 | BI9: =IF(OR(ROUND(SUM(BA9:BH9)/MAX(5,COUNTIF(BA9:BH9, ">0")), 0) <= 1, COUNTIF(BA9:BH9, ">0") = 0), "н/а", ROUND(SUM(BA9:BH9)/MAX(5,COUNTIF(BA9:BH9, ">0")), 0)) -> 5 | BK9: 5 | BL9: 5 | BM9: 4 | BO9: 5 | BP9: 5 | BQ9: =IF(OR(ROUND(SUM(BK9:BP9)/MAX(5,COUNTIF(BK9:BP9, ">0")), 0) <= 1, COUNTIF(BK9:BP9, ">0") = 0), "н/а", ROUND(SUM(BK9:BP9)/MAX(5,COUNTIF(BK9:BP9, ">0")), 0)) -> 5 | BS9: 5 | BU9: 5 | BY9: =IF(OR(ROUND(SUM(BS9:BX9)/MAX(2,COUNTIF(BS9:BX9, ">0")), 0) <= 1, COUNTIF(BS9:BX9, ">0") = 0), "н/а", ROUND(SUM(BS9:BX9)/MAX(2,COUNTIF(BS9:BX9, ">0")), 0)) -> 5 | CA9: 5 | CC9: 5
A10: 7. | B10: Каратаєв Данііл Сергійович | C10: 4 | D10: 3 | E10: 3 | G10: н | I10: 3 | J10: н | K10: =IF(OR(ROUND(SUM(C10:J10)/MAX(5,COUNTIF(C10:J10, ">0")), 0) <= 1, COUNTIF(C10:J10, ">0") = 0), "н/а", ROUND(SUM(C10:J10)/MAX(5,COUNTIF(C10:J10, ">0")), 0)) -> 3 | M10: н | N10: н | O10: н | P10: 3 | Q10: н | R10: н | S10: 3 | T10: 3 | U10: =IF(OR(ROUND(SUM(M10:T10)/MAX(4,COUNTIF(M10:T10, ">0")), 0) <= 1, COUNTIF(M10:T10, ">0") = 0), "н/а", ROUND(SUM(M10:T10)/MAX(4,COUNTIF(M10:T10, ">0")), 0)) -> 2 | W10: 4 | X10: 3 | Y10: н | Z10: н | AB10: 5 | AC10: =IF(OR(ROUND(SUM(W10:AB10)/MAX(3,COUNTIF(V10:AB10, ">0")), 0) <= 1, COUNTIF(W10:AB10, ">0") = 0), "н/а", ROUND(SUM(W10:AB10)/MAX(3,COUNTIF(W10:AB10, ">0")), 0)) -> 4 | AE10: =ROUND(SUM(K10,U10,AC10)/3,0) -> 3 | AG10: 3 | AH10: н | AI10: 3 | AK10: н | AL10: н | AM10: н | AN10: н | AO10: н/а | AP10: 2 | AQ10: н | AR10: н | AS10: н | AT10: н | AU10: н | AV10: н | AW10: н | AX10: н | AY10: =IF(OR(ROUND(SUM(AQ10:AX10)/MAX(4,COUNTIF(AQ10:AX10, ">0")), 0) <= 1, COUNTIF(AQ10:AX10, ">0") = 0), "н/а", ROUND(SUM(AQ10:AX10)/MAX(4,COUNTIF(AQ10:AX10, ">0")), 0)) -> н/а | AZ10: 2 | BA10: н | BB10: н | BC10: 3 | BF10: 5 | BH10: 3 | BI10: =IF(OR(ROUND(SUM(BA10:BH10)/MAX(5,COUNTIF(BA10:BH10, ">0")), 0) <= 1, COUNTIF(BA10:BH10, ">0") = 0), "н/а", ROUND(SUM(BA10:BH10)/MAX(5,COUNTIF(BA10:BH10, ">0")), 0)) -> 2 | BK10: 5 | BL10: 5 | BM10: 4 | BP10: 5 | BQ10: =IF(OR(ROUND(SUM(BK10:BP10)/MAX(5,COUNTIF(BK10:BP10, ">0")), 0) <= 1, COUNTIF(BK10:BP10, ">0") = 0), "н/а", ROUND(SUM(BK10:BP10)/MAX(5,COUNTIF(BK10:BP10, ">0")), 0)) -> 4 | BS10: 5 | BU10: 4 | BV10: н | BW10: н | BY10: =IF(OR(ROUND(SUM(BS10:BX10)/MAX(2,COUNTIF(BS10:BX10, ">0")), 0) <= 1, COUNTIF(BS10:BX10, ">0") = 0), "н/а", ROUND(SUM(BS10:BX10)/MAX(2,COUNTIF(BS10:BX10, ">0")), 0)) -> 5 | CA10: 3 | CC10: 3
A11: 8. | B11: Кисляков Дмитро Олександрович | C11: 4 | D11: 5 | E11: 5 | F11: н | I11: 5 | J11: 5 | K11: =IF(OR(ROUND(SUM(C11:J11)/MAX(5,COUNTIF(C11:J11, ">0")), 0) <= 1, COUNTIF(C11:J11, ">0") = 0), "н/а", ROUND(SUM(C11:J11)/MAX(5,COUNTIF(C11:J11, ">0")), 0)) -> 5 | M11: 5 | P11: 5 | S11: 4 | T11: 5 | U11: =IF(OR(ROUND(SUM(M11:T11)/MAX(4,COUNTIF(M11:T11, ">0")), 0) <= 1, COUNTIF(M11:T11, ">0") = 0), "н/а", ROUND(SUM(M11:T11)/MAX(4,COUNTIF(M11:T11, ">0")), 0)) -> 5 | W11: 5 | X11: 5 | Z11: н | AB11: 5 | AC11: =IF(OR(ROUND(SUM(W11:AB11)/MAX(3,COUNTIF(V11:AB11, ">0")), 0) <= 1, COUNTIF(W11:AB11, ">0") = 0), "н/а", ROUND(SUM(W11:AB11)/MAX(3,COUNTIF(W11:AB11, ">0")), 0)) -> 5 | AE11: =ROUND(SUM(K11,U11,AC11)/3,0) -> 5 | AG11: 5 | AH11: 5 | AJ11: 5 | AK11: 4 | AM11: 5 | AN11: н | AO11: =IF(OR(ROUND(SUM(AG11:AN11)/MAX(4,COUNTIF(AG11:AN11, ">0")), 0) <= 1, COUNTIF(AG11:AN11, ">0") = 0), "н/а", ROUND(SUM(AG11:AN11)/MAX(4,COUNTIF(AG11:AN11, ">0")), 0)) -> 5 | AQ11: 5 | AR11: н | AS11: н | AU11: 5 | AV11: н | AW11: 5 | AX11: 5 | AY11: =IF(OR(ROUND(SUM(AQ11:AX11)/MAX(4,COUNTIF(AQ11:AX11, ">0")), 0) <= 1, COUNTIF(AQ11:AX11, ">0") = 0), "н/а", ROUND(SUM(AQ11:AX11)/MAX(4,COUNTIF(AQ11:AX11, ">0")), 0)) -> 5 | BC11: 5 | BE11: 4 | BF11: 5 | BI11: =IF(OR(ROUND(SUM(BA11:BH11)/MAX(5,COUNTIF(BA11:BH11, ">0")), 0) <= 1, COUNTIF(BA11:BH11, ">0") = 0), "н/а", ROUND(SUM(BA11:BH11)/MAX(5,COUNTIF(BA11:BH11, ">0")), 0)) -> 3 | BL11: 5 | BM11: 5 | BN11: н | BO11: 4 | BP11: 5 | BQ11: =IF(OR(ROUND(SUM(BK11:BP11)/MAX(5,COUNTIF(BK11:BP11, ">0")), 0) <= 1, COUNTIF(BK11:BP11, ">0") = 0), "н/а", ROUND(SUM(BK11:BP11)/MAX(5,COUNTIF(BK11:BP11, ">0")), 0)) -> 4 | BS11: 5 | BU11: 5 | BW11: н | BY11: =IF(OR(ROUND(SUM(BS11:BX11)/MAX(2,COUNTIF(BS11:BX11, ">0")), 0) <= 1, COUNTIF(BS11:BX11, ">0") = 0), "н/а", ROUND(SUM(BS11:BX11)/MAX(2,COUNTIF(BS11:BX11, ">0")), 0)) -> 5 | CA11: 5 | CC11: 5
A12: 9. | B12: Ковальчук Арсеній Борисович | C12: н | D12: н | E12: н | F12: н | G12: н | H12: н | I12: н | J12: н | K12: =IF(OR(ROUND(SUM(C12:J12)/MAX(5,COUNTIF(C12:J12, ">0")), 0) <= 1, COUNTIF(C12:J12, ">0") = 0), "н/а", ROUND(SUM(C12:J12)/MAX(5,COUNTIF(C12:J12, ">0")), 0)) -> н/а | M12: н | N12: н | O12: н | P12: н | Q12: н | R12: н | S12: 2 | T12: н | U12: =IF(OR(ROUND(SUM(M12:T12)/MAX(4,COUNTIF(M12:T12, ">0")), 0) <= 1, COUNTIF(M12:T12, ">0") = 0), "н/а", ROUND(SUM(M12:T12)/MAX(4,COUNTIF(M12:T12, ">0")), 0)) -> н/а | W12: н | X12: н | Y12: н | Z12: н | AA12: н | AB12: н | AC12: н/а | AE12: н/а | AG12: н | AH12: н | AI12: н | AJ12: н | AK12: н | AL12: н | AM12: н | AN12: н | AO12: =IF(OR(ROUND(SUM(AG12:AN12)/MAX(4,COUNTIF(AG12:AN12, ">0")), 0) <= 1, COUNTIF(AG12:AN12, ">0") = 0), "н/а", ROUND(SUM(AG12:AN12)/MAX(4,COUNTIF(AG12:AN12, ">0")), 0)) -> н/а | AQ12: н | AR12: н | AS12: н | AT12: н | AU12: н | AV12: н | AW12: н | AX12: н | AY12: =IF(OR(ROUND(SUM(AQ12:AX12)/MAX(4,COUNTIF(AQ12:AX12, ">0")), 0) <= 1, COUNTIF(AQ12:AX12, ">0") = 0), "н/а", ROUND(SUM(AQ12:AX12)/MAX(4,COUNTIF(AQ12:AX12, ">0")), 0)) -> н/а | BA12: н | BB12: н | BC12: відрахований наказ №17-с/к від 27.02.2026
A13: 10. | B13: Кутєхов Назарій Олександрович | C13: н | D13: н | E13: н | F13: н | G13: н | H13: н | I13: н | J13: н | K13: =IF(OR(ROUND(SUM(C13:J13)/MAX(5,COUNTIF(C13:J13, ">0")), 0) <= 1, COUNTIF(C13:J13, ">0") = 0), "н/а", ROUND(SUM(C13:J13)/MAX(5,COUNTIF(C13:J13, ">0")), 0)) -> н/а | L13: 2 | M13: н | N13: н | O13: н | P13: н | Q13: н | R13: н | S13: 2 | T13: н | U13: =IF(OR(ROUND(SUM(M13:T13)/MAX(4,COUNTIF(M13:T13, ">0")), 0) <= 1, COUNTIF(M13:T13, ">0") = 0), "н/а", ROUND(SUM(M13:T13)/MAX(4,COUNTIF(M13:T13, ">0")), 0)) -> н/а | W13: н | X13: н | Y13: н | Z13: н | AA13: н | AB13: н | AC13: н/а | AE13: н/а | AG13: н | AH13: н | AI13: н | AJ13: н | AK13: н | AL13: н | AM13: н | AN13: н | AO13: =IF(OR(ROUND(SUM(AG13:AN13)/MAX(4,COUNTIF(AG13:AN13, ">0")), 0) <= 1, COUNTIF(AG13:AN13, ">0") = 0), "н/а", ROUND(SUM(AG13:AN13)/MAX(4,COUNTIF(AG13:AN13, ">0")), 0)) -> н/а | AQ13: н | AR13: н | AS13: н | AT13: н | AU13: н | AV13: н | AW13: н | AX13: н | AY13: =IF(OR(ROUND(SUM(AQ13:AX13)/MAX(4,COUNTIF(AQ13:AX13, ">0")), 0) <= 1, COUNTIF(AQ13:AX13, ">0") = 0), "н/а", ROUND(SUM(AQ13:AX13)/MAX(4,COUNTIF(AQ13:AX13, ">0")), 0)) -> н/а | BA13: н | BB13: н | BC13: н | BD13: н | BE13: н | BF13: н | BG13: н | BH13: н | BI13: =IF(OR(ROUND(SUM(BA13:BH13)/MAX(5,COUNTIF(BA13:BH13, ">0")), 0) <= 1, COUNTIF(BA13:BH13, ">0") = 0), "н/а", ROUND(SUM(BA13:BH13)/MAX(5,COUNTIF(BA13:BH13, ">0")), 0)) -> н/а | BK13: н | BL13: н | BM13: н | BN13: н | BO13: н | BP13: н | BQ13: =IF(OR(ROUND(SUM(BK13:BP13)/MAX(5,COUNTIF(BK13:BP13, ">0")), 0) <= 1, COUNTIF(BK13:BP13, ">0") = 0), "н/а", ROUND(SUM(BK13:BP13)/MAX(5,COUNTIF(BK13:BP13, ">0")), 0)) -> н/а | BS13: н | BT13: н | BU13: н | BV13: н | BW13: н | BX13: н | BY13: =IF(OR(ROUND(SUM(BS13:BX13)/MAX(2,COUNTIF(BS13:BX13, ">0")), 0) <= 1, COUNTIF(BS13:BX13, ">0") = 0), "н/а", ROUND(SUM(BS13:BX13)/MAX(2,COUNTIF(BS13:BX13, ">0")), 0)) -> н/а | CA13: н/а | CC13: н/а
A14: 11. | B14: Малюк Нікіта Сергійович | C14: 4 | D14: 4 | E14: н | F14: н | G14: н | I14: н | J14: н | K14: н/а | L14: 3 | M14: н | N14: н | O14: н | P14: н | Q14: н | R14: н | S14: 2 | T14: 4 | U14: =IF(OR(ROUND(SUM(M14:T14)/MAX(4,COUNTIF(M14:T14, ">0")), 0) <= 1, COUNTIF(M14:T14, ">0") = 0), "н/а", ROUND(SUM(M14:T14)/MAX(4,COUNTIF(M14:T14, ">0")), 0)) -> 2 | W14: 4 | X14: 3 | Z14: н | AB14: 5 | AC14: =IF(OR(ROUND(SUM(W14:AB14)/MAX(3,COUNTIF(V14:AB14, ">0")), 0) <= 1, COUNTIF(W14:AB14, ">0") = 0), "н/а", ROUND(SUM(W14:AB14)/MAX(3,COUNTIF(W14:AB14, ">0")), 0)) -> 4 | AE14: =ROUND(SUM(L14,U14,AC14)/3,0) -> 3 | AG14: 3 | AH14: 3 | AI14: н | AJ14: н | AK14: 3 | AL14: н | AM14: 3 | AN14: н | AO14: =IF(OR(ROUND(SUM(AG14:AN14)/MAX(4,COUNTIF(AG14:AN14, ">0")), 0) <= 1, COUNTIF(AG14:AN14, ">0") = 0), "н/а", ROUND(SUM(AG14:AN14)/MAX(4,COUNTIF(AG14:AN14, ">0")), 0)) -> 3 | AQ14: н | AR14: н | AS14: н | AT14: н | AU14: н | AV14: н | AW14: н | AX14: н | AY14: =IF(OR(ROUND(SUM(AQ14:AX14)/MAX(4,COUNTIF(AQ14:AX14, ">0")), 0) <= 1, COUNTIF(AQ14:AX14, ">0") = 0), "н/а", ROUND(SUM(AQ14:AX14)/MAX(4,COUNTIF(AQ14:AX14, ">0")), 0)) -> н/а | AZ14: 2 | BA14: н | BB14: н | BC14: 3 | BD14: н | BF14: 5 | BI14: =IF(OR(ROUND(SUM(BA14:BH14)/MAX(5,COUNTIF(BA14:BH14, ">0")), 0) <= 1, COUNTIF(BA14:BH14, ">0") = 0), "н/а", ROUND(SUM(BA14:BH14)/MAX(5,COUNTIF(BA14:BH14, ">0")), 0)) -> 2 | BK14: н | BL14: н | BM14: 5 | BN14: н | BO14: н | BP14: 3 | BQ14: =IF(OR(ROUND(SUM(BK14:BP14)/MAX(5,COUNTIF(BK14:BP14, ">0")), 0) <= 1, COUNTIF(BK14:BP14, ">0") = 0), "н/а", ROUND(SUM(BK14:BP14)/MAX(5,COUNTIF(BK14:BP14, ">0")), 0)) -> 2 | BS14: 3 | BT14: н | BU14: 3 | BV14: н | BW14: н | BX14: н | BY14: =IF(OR(ROUND(SUM(BS14:BX14)/MAX(2,COUNTIF(BS14:BX14, ">0")), 0) <= 1, COUNTIF(BS14:BX14, ">0") = 0), "н/а", ROUND(SUM(BS14:BX14)/MAX(2,COUNTIF(BS14:BX14, ">0")), 0)) -> 3 | CA14: 3 | CC14: 3
A15: 12. | B15: Мезенцев Кирило Анатолійович | C15: н | D15: н | E15: н | F15: н | G15: н | H15: н | I15: н | J15: н | K15: =IF(OR(ROUND(SUM(C15:J15)/MAX(5,COUNTIF(C15:J15, ">0")), 0) <= 1, COUNTIF(C15:J15, ">0") = 0), "н/а", ROUND(SUM(C15:J15)/MAX(5,COUNTIF(C15:J15, ">0")), 0)) -> н/а | L15: 3 | M15: н | N15: н | O15: н | P15: н | Q15: н | R15: н | S15: 2 | T15: н | U15: =IF(OR(ROUND(SUM(M15:T15)/MAX(4,COUNTIF(M15:T15, ">0")), 0) <= 1, COUNTIF(M15:T15, ">0") = 0), "н/а", ROUND(SUM(M15:T15)/MAX(4,COUNTIF(M15:T15, ">0")), 0)) -> н/а | W15: н | X15: н | Y15: н | Z15: н | AA15: н | AB15: н | AC15: н/а | AD15: 3 | AE15: н/а | AG15: н | AH15: н | AI15: н | AJ15: н | AK15: н | AL15: н | AM15: н | AN15: н | AO15: =IF(OR(ROUND(SUM(AG15:AN15)/MAX(4,COUNTIF(AG15:AN15, ">0")), 0) <= 1, COUNTIF(AG15:AN15, ">0") = 0), "н/а", ROUND(SUM(AG15:AN15)/MAX(4,COUNTIF(AG15:AN15, ">0")), 0)) -> н/а | AQ15: н | AR15: н | AS15: н | AT15: н | AU15: н | AV15: н | AW15: н | AX15: н | AY15: =IF(OR(ROUND(SUM(AQ15:AX15)/MAX(4,COUNTIF(AQ15:AX15, ">0")), 0) <= 1, COUNTIF(AQ15:AX15, ">0") = 0), "н/а", ROUND(SUM(AQ15:AX15)/MAX(4,COUNTIF(AQ15:AX15, ">0")), 0)) -> н/а | BA15: н | BB15: н | BC15: відрахований наказ №18-с/к від 04.04.26
A16: 13. | B16: Надіров Расім Аріфович | C16: н | D16: н | E16: н | F16: н | G16: н | H16: н | I16: н | J16: н | K16: =IF(OR(ROUND(SUM(C16:J16)/MAX(5,COUNTIF(C16:J16, ">0")), 0) <= 1, COUNTIF(C16:J16, ">0") = 0), "н/а", ROUND(SUM(C16:J16)/MAX(5,COUNTIF(C16:J16, ">0")), 0)) -> н/а | M16: н | N16: н | O16: н | P16: н | Q16: н | R16: н | S16: 2 | T16: н | U16: =IF(OR(ROUND(SUM(M16:T16)/MAX(4,COUNTIF(M16:T16, ">0")), 0) <= 1, COUNTIF(M16:T16, ">0") = 0), "н/а", ROUND(SUM(M16:T16)/MAX(4,COUNTIF(M16:T16, ">0")), 0)) -> н/а | W16: н | X16: н | Y16: н | Z16: н | AA16: н | AB16: н | AC16: н/а | AE16: н/а | AG16: н | AH16: н | AI16: н | AJ16: н | AK16: н | AL16: н | AM16: н | AN16: н | AO16: =IF(OR(ROUND(SUM(AG16:AN16)/MAX(4,COUNTIF(AG16:AN16, ">0")), 0) <= 1, COUNTIF(AG16:AN16, ">0") = 0), "н/а", ROUND(SUM(AG16:AN16)/MAX(4,COUNTIF(AG16:AN16, ">0")), 0)) -> н/а | AQ16: н | AR16: н | AS16: н | AT16: н | AU16: н | AV16: н | AW16: н | AX16: н | AY16: =IF(OR(ROUND(SUM(AQ16:AX16)/MAX(4,COUNTIF(AQ16:AX16, ">0")), 0) <= 1, COUNTIF(AQ16:AX16, ">0") = 0), "н/а", ROUND(SUM(AQ16:AX16)/MAX(4,COUNTIF(AQ16:AX16, ">0")), 0)) -> н/а | BA16: н | BB16: н | BC16: академічна відпустка наказ №16-с/к від 25.02.26
A17: 14. | B17: Онищенко Ярослав Віталійович | C17: н | D17: н | E17: н | F17: н | G17: н | H17: н | I17: н | J17: н | K17: =IF(OR(ROUND(SUM(C17:J17)/MAX(5,COUNTIF(C17:J17, ">0")), 0) <= 1, COUNTIF(C17:J17, ">0") = 0), "н/а", ROUND(SUM(C17:J17)/MAX(5,COUNTIF(C17:J17, ">0")), 0)) -> н/а | M17: н | N17: н | O17: н | P17: н | Q17: н | R17: н | S17: 2 | T17: н | U17: =IF(OR(ROUND(SUM(M17:T17)/MAX(4,COUNTIF(M17:T17, ">0")), 0) <= 1, COUNTIF(M17:T17, ">0") = 0), "н/а", ROUND(SUM(M17:T17)/MAX(4,COUNTIF(M17:T17, ">0")), 0)) -> н/а | W17: н | X17: н | Y17: н | Z17: н | AA17: н | AB17: н | AC17: н/а | AE17: н/а | AG17: н | AH17: н | AI17: н | AJ17: н | AK17: н | AL17: н | AM17: н | AN17: н | AO17: =IF(OR(ROUND(SUM(AG17:AN17)/MAX(4,COUNTIF(AG17:AN17, ">0")), 0) <= 1, COUNTIF(AG17:AN17, ">0") = 0), "н/а", ROUND(SUM(AG17:AN17)/MAX(4,COUNTIF(AG17:AN17, ">0")), 0)) -> н/а | AQ17: н | AR17: н | AS17: н | AT17: н | AU17: н | AV17: н | AW17: н | AX17: н | AY17: =IF(OR(ROUND(SUM(AQ17:AX17)/MAX(4,COUNTIF(AQ17:AX17, ">0")), 0) <= 1, COUNTIF(AQ17:AX17, ">0") = 0), "н/а", ROUND(SUM(AQ17:AX17)/MAX(4,COUNTIF(AQ17:AX17, ">0")), 0)) -> н/а | BA17: н | BB17: н | BC17: відрахований наказ №17-с/к від 27.02.2026
A18: 15. | B18: Павлюк Дмитро Ігорович | C18: н | D18: н | E18: н | F18: н | G18: н | H18: н | I18: н | J18: н | K18: =IF(OR(ROUND(SUM(C18:J18)/MAX(5,COUNTIF(C18:J18, ">0")), 0) <= 1, COUNTIF(C18:J18, ">0") = 0), "н/а", ROUND(SUM(C18:J18)/MAX(5,COUNTIF(C18:J18, ">0")), 0)) -> н/а | M18: н | N18: н | O18: н | P18: н | Q18: н | R18: н | S18: 2 | T18: н | U18: =IF(OR(ROUND(SUM(M18:T18)/MAX(4,COUNTIF(M18:T18, ">0")), 0) <= 1, COUNTIF(M18:T18, ">0") = 0), "н/а", ROUND(SUM(M18:T18)/MAX(4,COUNTIF(M18:T18, ">0")), 0)) -> н/а | W18: н | X18: н | Y18: н | Z18: н | AA18: н | AB18: н | AC18: н/а | AE18: н/а | AG18: н | AH18: н | AI18: н | AJ18: н | AK18: н | AL18: н | AM18: н | AN18: н | AO18: =IF(OR(ROUND(SUM(AG18:AN18)/MAX(4,COUNTIF(AG18:AN18, ">0")), 0) <= 1, COUNTIF(AG18:AN18, ">0") = 0), "н/а", ROUND(SUM(AG18:AN18)/MAX(4,COUNTIF(AG18:AN18, ">0")), 0)) -> н/а | AQ18: н | AR18: н | AS18: н | AT18: н | AU18: н | AV18: н | AW18: н | AX18: н | AY18: =IF(OR(ROUND(SUM(AQ18:AX18)/MAX(4,COUNTIF(AQ18:AX18, ">0")), 0) <= 1, COUNTIF(AQ18:AX18, ">0") = 0), "н/а", ROUND(SUM(AQ18:AX18)/MAX(4,COUNTIF(AQ18:AX18, ">0")), 0)) -> н/а | BA18: н | BB18: н | BC18: відрахований наказ №26-с/к від 17.03.2026 | BK18: н
A19: 16. | B19: Плетій Андрій Анатолійович | C19: н | D19: н | E19: н | F19: н | G19: н | H19: н | I19: н | J19: н | K19: =IF(OR(ROUND(SUM(C19:J19)/MAX(5,COUNTIF(C19:J19, ">0")), 0) <= 1, COUNTIF(C19:J19, ">0") = 0), "н/а", ROUND(SUM(C19:J19)/MAX(5,COUNTIF(C19:J19, ">0")), 0)) -> н/а | M19: н | N19: н | O19: н | P19: н | Q19: н | R19: н | S19: 2 | T19: н | U19: =IF(OR(ROUND(SUM(M19:T19)/MAX(4,COUNTIF(M19:T19, ">0")), 0) <= 1, COUNTIF(M19:T19, ">0") = 0), "н/а", ROUND(SUM(M19:T19)/MAX(4,COUNTIF(M19:T19, ">0")), 0)) -> н/а | W19: н | X19: н | Y19: н | Z19: н | AA19: н | AB19: н | AC19: н/а | AE19: н/а | AG19: н | AH19: н | AI19: н | AJ19: н | AK19: н | AL19: н | AM19: н | AN19: н | AO19: =IF(OR(ROUND(SUM(AG19:AN19)/MAX(4,COUNTIF(AG19:AN19, ">0")), 0) <= 1, COUNTIF(AG19:AN19, ">0") = 0), "н/а", ROUND(SUM(AG19:AN19)/MAX(4,COUNTIF(AG19:AN19, ">0")), 0)) -> н/а | AQ19: н | AR19: н | AS19: н | AT19: н | AU19: н | AV19: н | AW19: н | AX19: н | AY19: =IF(OR(ROUND(SUM(AQ19:AX19)/MAX(4,COUNTIF(AQ19:AX19, ">0")), 0) <= 1, COUNTIF(AQ19:AX19, ">0") = 0), "н/а", ROUND(SUM(AQ19:AX19)/MAX(4,COUNTIF(AQ19:AX19, ">0")), 0)) -> н/а | BA19: н | BB19: н | BC19: відрахований наказ №18-с/к від 04.04.26
A20: 17. | B20: Портаненко Гліб Олександрович | C20: 3 | D20: 3 | E20: 3 | F20: н | G20: н | H20: н | I20: н | J20: 3 | K20: =IF(OR(ROUND(SUM(C20:J20)/MAX(5,COUNTIF(C20:J20, ">0")), 0) <= 1, COUNTIF(C20:J20, ">0") = 0), "н/а", ROUND(SUM(C20:J20)/MAX(5,COUNTIF(C20:J20, ">0")), 0)) -> 2 | L20: 3 | M20: 5 | N20: н | O20: н | P20: н | Q20: н | R20: н | S20: 2 | T20: 4 | U20: =IF(OR(ROUND(SUM(M20:T20)/MAX(4,COUNTIF(M20:T20, ">0")), 0) <= 1, COUNTIF(M20:T20, ">0") = 0), "н/а", ROUND(SUM(M20:T20)/MAX(4,COUNTIF(M20:T20, ">0")), 0)) -> 3 | W20: 5 | X20: н | Y20: н | Z20: н | AB20: 5 | AC20: =IF(OR(ROUND(SUM(W20:AB20)/MAX(3,COUNTIF(V20:AB20, ">0")), 0) <= 1, COUNTIF(W20:AB20, ">0") = 0), "н/а", ROUND(SUM(W20:AB20)/MAX(3,COUNTIF(W20:AB20, ">0")), 0)) -> 3 | AE20: =ROUND(SUM(K20,U20,AC20)/3,0) -> 3 | AG20: 5 | AH20: 5 | AI20: н | AJ20: н | AK20: 4 | AL20: н | AM20: 5 | AN20: н | AO20: =IF(OR(ROUND(SUM(AG20:AN20)/MAX(4,COUNTIF(AG20:AN20, ">0")), 0) <= 1, COUNTIF(AG20:AN20, ">0") = 0), "н/а", ROUND(SUM(AG20:AN20)/MAX(4,COUNTIF(AG20:AN20, ">0")), 0)) -> 5 | AQ20: 5 | AR20: н | AS20: н | AU20: 5 | AV20: н | AW20: н | AX20: 3 | AY20: =IF(OR(ROUND(SUM(AQ20:AX20)/MAX(4,COUNTIF(AQ20:AX20, ">0")), 0) <= 1, COUNTIF(AQ20:AX20, ">0") = 0), "н/а", ROUND(SUM(AQ20:AX20)/MAX(4,COUNTIF(AQ20:AX20, ">0")), 0)) -> 3 | AZ20: 4 | BA20: н | BB20: н | BC20: 4 | BD20: н | BE20: н | BF20: н | BG20: н | BH20: н | BI20: =IF(OR(ROUND(SUM(BA20:BH20)/MAX(5,COUNTIF(BA20:BH20, ">0")), 0) <= 1, COUNTIF(BA20:BH20, ">0") = 0), "н/а", ROUND(SUM(BA20:BH20)/MAX(5,COUNTIF(BA20:BH20, ">0")), 0)) -> н/а | BJ20: 3 | BK20: н | BL20: н | BM20: 3 | BN20: н | BO20: 3 | BP20: 3 | BQ20: =IF(OR(ROUND(SUM(BK20:BP20)/MAX(5,COUNTIF(BK20:BP20, ">0")), 0) <= 1, COUNTIF(BK20:BP20, ">0") = 0), "н/а", ROUND(SUM(BK20:BP20)/MAX(5,COUNTIF(BK20:BP20, ">0")), 0)) -> 2 | BS20: 3 | BT20: н | BU20: 3 | BV20: н | BW20: н | BY20: =IF(OR(ROUND(SUM(BS20:BX20)/MAX(2,COUNTIF(BS20:BX20, ">0")), 0) <= 1, COUNTIF(BS20:BX20, ">0") = 0), "н/а", ROUND(SUM(BS20:BX20)/MAX(2,COUNTIF(BS20:BX20, ">0")), 0)) -> 3 | CA20: 3 | CC20: 3
A21: 18. | B21: Ткаченко Кирило Сергійович | C21: 3 | D21: 5 | E21: 5 | F21: н | G21: н | H21: н | I21: 3 | J21: 3 | K21: =IF(OR(ROUND(SUM(C21:J21)/MAX(5,COUNTIF(C21:J21, ">0")), 0) <= 1, COUNTIF(C21:J21, ">0") = 0), "н/а", ROUND(SUM(C21:J21)/MAX(5,COUNTIF(C21:J21, ">0")), 0)) -> 4 | M21: 3 | N21: н | P21: 1 | Q21: н | S21: 2 | T21: 5 | U21: =IF(OR(ROUND(SUM(M21:T21)/MAX(4,COUNTIF(M21:T21, ">0")), 0) <= 1, COUNTIF(M21:T21, ">0") = 0), "н/а", ROUND(SUM(M21:T21)/MAX(4,COUNTIF(M21:T21, ">0")), 0)) -> 3 | W21: 5 | X21: 2 | Y21: н | AA21: н | AB21: 5 | AC21: =IF(OR(ROUND(SUM(W21:AB21)/MAX(3,COUNTIF(V21:AB21, ">0")), 0) <= 1, COUNTIF(W21:AB21, ">0") = 0), "н/а", ROUND(SUM(W21:AB21)/MAX(3,COUNTIF(W21:AB21, ">0")), 0)) -> 4 | AE21: =ROUND(SUM(K21,U21,AC21)/3,0) -> 4 | AG21: 3 | AH21: 3 | AJ21: 3 | AK21: н | AM21: 3 | AO21: н/а | AP21: 3 | AQ21: н | AS21: н | AT21: н | AU21: н | AV21: н | AW21: н | AX21: н | AY21: =IF(OR(ROUND(SUM(AQ21:AX21)/MAX(4,COUNTIF(AQ21:AX21, ">0")), 0) <= 1, COUNTIF(AQ21:AX21, ">0") = 0), "н/а", ROUND(SUM(AQ21:AX21)/MAX(4,COUNTIF(AQ21:AX21, ">0")), 0)) -> н/а | AZ21: 2 | BA21: н | BB21: н | BC21: н | BD21: н | BF21: 5 | BI21: 2 | BK21: н | BL21: 5 | BM21: 3 | BN21: н | BP21: н | BQ21: =IF(OR(ROUND(SUM(BK21:BP21)/MAX(5,COUNTIF(BK21:BP21, ">0")), 0) <= 1, COUNTIF(BK21:BP21, ">0") = 0), "н/а", ROUND(SUM(BK21:BP21)/MAX(5,COUNTIF(BK21:BP21, ">0")), 0)) -> 2 | BS21: н | BV21: н | BW21: н | BX21: н | BY21: =IF(OR(ROUND(SUM(BS21:BX21)/MAX(2,COUNTIF(BS21:BX21, ">0")), 0) <= 1, COUNTIF(BS21:BX21, ">0") = 0), "н/а", ROUND(SUM(BS21:BX21)/MAX(2,COUNTIF(BS21:BX21, ">0")), 0)) -> н/а | BZ21: 3 | CA21: н/а | CB21: 3 | CC21: 3
A22: 19. | B22: Царюк Єгор Андрійович | C22: 4 | D22: 5 | E22: 4 | F22: н | G22: н | H22: н | I22: 5 | J22: 4 | K22: =IF(OR(ROUND(SUM(C22:J22)/MAX(5,COUNTIF(C22:J22, ">0")), 0) <= 1, COUNTIF(C22:J22, ">0") = 0), "н/а", ROUND(SUM(C22:J22)/MAX(5,COUNTIF(C22:J22, ">0")), 0)) -> 4 | M22: н | N22: н | P22: 4 | Q22: н | R22: н | S22: 4 | T22: 5 | U22: =IF(OR(ROUND(SUM(M22:T22)/MAX(4,COUNTIF(M22:T22, ">0")), 0) <= 1, COUNTIF(M22:T22, ">0") = 0), "н/а", ROUND(SUM(M22:T22)/MAX(4,COUNTIF(M22:T22, ">0")), 0)) -> 3 | W22: 3 | X22: 5 | AA22: н | AB22: 5 | AC22: =IF(OR(ROUND(SUM(W22:AB22)/MAX(3,COUNTIF(V22:AB22, ">0")), 0) <= 1, COUNTIF(W22:AB22, ">0") = 0), "н/а", ROUND(SUM(W22:AB22)/MAX(3,COUNTIF(W22:AB22, ">0")), 0)) -> 4 | AE22: =ROUND(SUM(K22,U22,AC22)/3,0) -> 4 | AG22: 5 | AH22: 5 | AK22: 4 | AL22: н | AM22: 4 | AO22: =IF(OR(ROUND(SUM(AG22:AN22)/MAX(4,COUNTIF(AG22:AN22, ">0")), 0) <= 1, COUNTIF(AG22:AN22, ">0") = 0), "н/а", ROUND(SUM(AG22:AN22)/MAX(4,COUNTIF(AG22:AN22, ">0")), 0)) -> 5 | AQ22: 5 | AR22: н | AS22: н | AT22: н | AU22: 5 | AW22: 5 | AX22: 4 | AY22: =IF(OR(ROUND(SUM(AQ22:AX22)/MAX(4,COUNTIF(AQ22:AX22, ">0")), 0) <= 1, COUNTIF(AQ22:AX22, ">0") = 0), "н/а", ROUND(SUM(AQ22:AX22)/MAX(4,COUNTIF(AQ22:AX22, ">0")), 0)) -> 5 | BA22: 5 | BB22: н | BC22: 5 | BD22: н | BE22: 5 | BF22: 5 | BH22: 5 | BI22: =IF(OR(ROUND(SUM(BA22:BH22)/MAX(5,COUNTIF(BA22:BH22, ">0")), 0) <= 1, COUNTIF(BA22:BH22, ">0") = 0), "н/а", ROUND(SUM(BA22:BH22)/MAX(5,COUNTIF(BA22:BH22, ">0")), 0)) -> 5 | BK22: 5 | BL22: 5 | BM22: 3 | BO22: 5 | BP22: 5 | BQ22: =IF(OR(ROUND(SUM(BK22:BP22)/MAX(5,COUNTIF(BK22:BP22, ">0")), 0) <= 1, COUNTIF(BK22:BP22, ">0") = 0), "н/а", ROUND(SUM(BK22:BP22)/MAX(5,COUNTIF(BK22:BP22, ">0")), 0)) -> 5 | BS22: 5 | BT22: н | BU22: 5 | BW22: н | BY22: =IF(OR(ROUND(SUM(BS22:BX22)/MAX(2,COUNTIF(BS22:BX22, ">0")), 0) <= 1, COUNTIF(BS22:BX22, ">0") = 0), "н/а", ROUND(SUM(BS22:BX22)/MAX(2,COUNTIF(BS22:BX22, ">0")), 0)) -> 5 | CA22: 5 | CC22: 5
A23: 20. | B23: Дорубайло Ілля Олексійович | C23: н | D23: н | E23: н | F23: н | G23: н | H23: н | I23: н | J23: н | K23: н/а | M23: н | N23: н | O23: н | P23: н | Q23: н | R23: н | S23: н | T23: н | U23: н/а | W23: н | X23: н | Y23: н | Z23: н | AA23: н | AB23: н | AC23: н/а | AE23: н/а | AG23: н | AH23: н | AI23: н | AJ23: н | AK23: н | AL23: н | AM23: н | AN23: н | AO23: =IF(OR(ROUND(SUM(AG23:AN23)/MAX(4,COUNTIF(AG23:AN23, ">0")), 0) <= 1, COUNTIF(AG23:AN23, ">0") = 0), "н/а", ROUND(SUM(AG23:AN23)/MAX(4,COUNTIF(AG23:AN23, ">0")), 0)) -> н/а | AQ23: н | AR23: н | AS23: н | AT23: н | AU23: н | AV23: н | AW23: н | AX23: н | AY23: =IF(OR(ROUND(SUM(AQ23:AX23)/MAX(4,COUNTIF(AQ23:AX23, ">0")), 0) <= 1, COUNTIF(AQ23:AX23, ">0") = 0), "н/а", ROUND(SUM(AQ23:AX23)/MAX(4,COUNTIF(AQ23:AX23, ">0")), 0)) -> н/а | BA23: н | BB23: н | BC23: н | BD23: н | BE23: н | BF23: н | BG23: н | BH23: н | BI23: =IF(OR(ROUND(SUM(BA23:BH23)/MAX(5,COUNTIF(BA23:BH23, ">0")), 0) <= 1, COUNTIF(BA23:BH23, ">0") = 0), "н/а", ROUND(SUM(BA23:BH23)/MAX(5,COUNTIF(BA23:BH23, ">0")), 0)) -> н/а | BK23: н | BL23: н | BM23: н | BN23: н | BO23: н | BP23: н | BQ23: =IF(OR(ROUND(SUM(BK23:BP23)/MAX(5,COUNTIF(BK23:BP23, ">0")), 0) <= 1, COUNTIF(BK23:BP23, ">0") = 0), "н/а", ROUND(SUM(BK23:BP23)/MAX(5,COUNTIF(BK23:BP23, ">0")), 0)) -> н/а | BS23: н | BT23: н | BU23: н | BV23: н | BW23: н | BX23: н | BY23: =IF(OR(ROUND(SUM(BS23:BX23)/MAX(2,COUNTIF(BS23:BX23, ">0")), 0) <= 1, COUNTIF(BS23:BX23, ">0") = 0), "н/а", ROUND(SUM(BS23:BX23)/MAX(2,COUNTIF(BS23:BX23, ">0")), 0)) -> н/а | CA23: н/а | CC23: н/а
C24: тест | D24: тест | E24: тест | I24: дз | J24: тест | M24: лаб1 | P24: дз | S24: дз | T24: тест | W24: тест | AB24: лаб2 | AG24: тест | AH24: тест | AK24: тест | AM24: тест | AQ24: тест | AU24: дз | AW24: тест | AX24: тест | BA24: дз | BC24: тест | BE24: дз | BF24: обж | BH24: дз 1/2 | BK24: дз 2/2 | BL24: лаб3 | BM24: лаб4 /дз | BO24: лаб5 | BP24: відео + тест | BS24: відео + тест | BU24: тест
A25: № | B25: Дата | C25: Години | D25: Тема заняття | M25: Домашня робота
A26: 1 | B26: 45944 | C26: 2 | D26: Розділ 1 Вступ в дисципліну. Дисципліна «Комп’ютерні мережі», історія розвитку комп’ютерних мереж. Призначення комп’ютерних мереж, основні проблеми та перспективи розвитку
A27: 2 | B27: 45945 | C27: 2 | D27: Розділ 2 Концепції, стандарти комп’ютерних мереж. Основи мережевих технологій
A28: 3 | B28: 45951 | C28: 2 | D28: Узагальнена структура комп’ютерних мереж
A29: 4 | B29: 45952 | C29: 2 | D29: Комутація пакетів і каналів передачі даних
A30: 5 | B30: 45958 | C30: 2 | D30: Загальні принципи побудови та функціонування мереж
A31: 6 | B31: 45959 | C31: 2 | D31: Складання та порівняння типів мереж
A32: 7 | B32: 45962 | C32: 2 | D32: Архітектура комп’ютерних мереж
A33: 8 | B33: 45965 | C33: 2 | D33: Модель взаємодії відкритих систем
A34: 9 | B34: 45966 | C34: 2 | D34: Топології комп’ютерних мереж
A35: 10 | B35: 45972 | C35: 2 | D35: Різновиди комп’ютерних мереж
A36: 11 | B36: 45973 | C36: 2 | D36: Мережеві характеристики
A37: 12 | B37: 45976 | C37: 2 | D37: Створення прямих та перехресних кабелів UTP
... A66: 41 | B66: 46091 | C66: 2 | D66: Маршрутизатор: монтаж, обслуговування
A67: 42 | C67: 2 | D67: Віртуальні канали в глобальних мережах
A68: 43 | C68: 2 | D68: Мережі Х.25 та Frame Relay
A69: 44 | C69: 2 | D69: Технологія АТМ
A70: 45 | C70: 2 | D70: Технологія ІР у глобальних мережах
A71: 46 | C71: 2 | D71: Мережеве управління в ІР-мережах
A72: 47 | C72: 2 | D72: Підключення до мережі Інтернет
A73: 48 | C73: 2 | D73: Схеми віддаленого доступу
A74: 49 | C74: 2 | D74: Комутаційний аналоговий доступ
A75: 50 | C75: 2 | D75: Сервіс захищеного каналу
A76: 51 | C76: 2 | D76: Створення захищеного каналу
A77: 52 | C77: 2 | D77: Сервіс віртуальних приватних мереж
A78: 53 | C78: 2 | D78: Налаштування робочих станцій для роботи в мережі
... A83: 58 | C83: 2 | D83: Надання дозволу та встановлення пріоритетів користувачам

Sheet Основи програмної інженерії
B1: Назва дисципліни | C1: Основи програмної інженерії (КМ-42)
B2: Викладач | C2: Науменко П.В.
A3: № | B3: ПІБ студента | C3: 45943 | D3: 45946 | E3: 45948 | F3: 45950 | G3: 45953 | H3: 45957 | I3: 45960 | J3: 45964 | K3: Тематична | M3: 45967 | N3: 45971 | O3: 45974 | P3: 45978 | Q3: 45981 | R3: 45985 | S3: 45988 | T3: 45990 | U3: Тематична | W3: 45992 | X3: 45995 | Y3: 45999 | Z3: 46002 | AA3: 46006 | AB3: 46009 | AC3: Тематична | AE3: Семестрова | AG3: 46048 | AH3: 46051 | AI3: 46055 | AJ3: 46058 | AK3: 46062 | AL3: 46065 | AM3: 46069 | AN3: 46072 | AO3: Тематична | AQ3: 46076 | AR3: 46079 | AS3: 46083 | AT3: 46086 | AU3: 46090 | AV3: 46093 | AW3: 46097 | AX3: 46100 | AY3: Тематична | BA3: 46104 | BB3: 46107 | BC3: 46111 | BD3: 46114 | BE3: 46118 | BF3: 46182 | BG3: 46125 | BH3: 46128 | BI3: Тематична | BK3: Семестрова | BM3: Залік
A4: 1. | B4: Гриценко Денис Сергійович | C4: н | D4: н | E4: н | F4: н | H4: 2 | I4: 2 | K4: н/а | M4: н | N4: н | O4: н | P4: н | Q4: н | R4: н | S4: н | T4: н | U4: н/а | W4: н | X4: н | Y4: н | Z4: н | AA4: н | AB4: н | AC4: н/а | AE4: н/а | AG4: н | AH4: н | AI4: н | AJ4: н | AK4: н | AL4: н | AM4: н | AN4: н | AO4: н/а | AQ4: н | AR4: н | AS4: н | AT4: н | AU4: відрахований наказ №17-с/к від 27.02.2026
A5: 2. | B5: Гришков Едуард Сергійович | C5: н | D5: н | E5: н | F5: н | G5: н | H5: н | I5: н | J5: н | K5: н/а | M5: н | N5: н | O5: н | P5: н | Q5: н | R5: н | S5: н | T5: н | U5: н/а | W5: н | X5: н | Y5: н | Z5: н | AA5: н | AB5: н | AC5: н/а | AE5: н/а | AG5: н | AH5: н | AI5: н | AJ5: н | AK5: н | AL5: н | AM5: н | AN5: н | AO5: н/а | AQ5: н | AR5: н | AS5: н | AT5: н | AU5: н | AV5: н | AW5: н | AX5: н | AY5: н/а | BA5: н | BB5: н | BC5: н | BD5: відрахований наказ №29-с/к від 27.03.26
A6: 3. | B6: Дворник Іван Миколайович | D6: н | E6: н | F6: 2 | G6: н | H6: 2 | I6: 4 | K6: 3 | N6: н | P6: 3 | Q6: н | R6: н | S6: 2 | T6: н | U6: 3 | X6: 2 | Y6: н | Z6: н | AA6: 3 | AC6: 3 | AE6: 3 | AG6: н | AH6: н | AJ6: н | AK6: н | AL6: н | AM6: н | AN6: н | AO6: н/а | AP6: 3 | AQ6: н | AR6: н | AS6: н | AT6: н | AU6: н | AW6: н | AX6: 4 | AY6: н/а | AZ6: 4 | BA6: 4 | BB6: 4 | BC6: н | BD6: н | BE6: н | BF6: н | BG6: н | BI6: 4 | BK6: 4 | BM6: 4
A7: 4. | B7: Демченко Максим Сергійович | C7: н | D7: н | E7: н | F7: н | G7: н | H7: н | I7: н | J7: н | K7: н/а | M7: н | N7: н | O7: н | P7: н | Q7: н | R7: н | S7: н | T7: н | U7: н/а | W7: н | X7: н | Y7: н | Z7: н | AA7: н | AB7: н | AC7: н/а | AE7: н/а | AG7: н | AH7: н | AI7: н | AJ7: н | AK7: н | AL7: н | AM7: н | AN7: н | AO7: відрахований наказ №15-с/к від 18.02.2026
A8: 5. | B8: Івахненко Олександр Олександрович | C8: н | D8: н | E8: н | F8: н | G8: н | H8: н | I8: н | J8: н | K8: н/а | M8: н | N8: н | O8: н | P8: н | Q8: н | R8: н | S8: н | T8: н | U8: н/а | W8: н | X8: н | Y8: н | Z8: н | AA8: н | AB8: н | AC8: н/а | AE8: н/а | AG8: н | AH8: н | AI8: н | AJ8: н | AK8: н | AL8: н | AM8: н | AN8: н | AO8: академічна відпустка наказ №14-с/к від 16.02.26
A9: 6. | B9: Ішков Леонід Вікторович | F9: 5 | H9: 5 | I9: 5 | K9: 5 | P9: 4 | S9: 4 | U9: 4 | X9: 5 | AA9: 5 | AC9: 5 | AE9: 5 | AK9: 5 | AN9: 5 | AO9: 5 | AU9: 5 | AX9: 4 | AY9: 5 | BA9: 5 | BB9: 4 | BE9: 5 | BF9: 5 | BI9: 5 | BK9: 5 | BM9: 5
A10: 7. | B10: Каратаєв Данііл Сергійович | D10: н | E10: н | F10: 3 | H10: н | I10: н | K10: н/а | L10: 3 | N10: н | P10: н | S10: 2 | U10: н/а | V10: 3 | X10: 5 | AA10: 5 | AC10: 5 | AE10: н/а | AF10: 4 | AJ10: н | AK10: н | AL10: н | AM10: н | AN10: н | AO10: н/а | AP10: 3 | AR10: н | AU10: 5 | AX10: 4 | AY10: 5 | BA10: 5 | BB10: 4 | BE10: 4 | BF10: 5 | BG10: н | BI10: 5 | BK10: 4 | BM10: 4
A11: 8. | B11: Кисляков Дмитро Олександрович | E11: н | F11: н | G11: 4 | H11: 5 | I11: 5 | J11: н | K11: 5 | N11: н | P11: 4 | R11: н | S11: 3 | U11: 4 | X11: 5 | Z11: 4 | AA11: н | AB11: 4 | AC11: н/а | AD11: 4 | AE11: 4 | AK11: 5 | AN11: 5 | AO11: 5 | AU11: 4 | AX11: 4 | AY11: 4 | BA11: 5 | BB11: 5 | BE11: 5 | BF11: 5 | BI11: 5 | BK11: 5 | BM11: 5
A12: 9. | B12: Ковальчук Арсеній Борисович | C12: н | D12: н | E12: н | F12: н | G12: н | H12: н | I12: н | J12: н | K12: н/а | M12: н | N12: н | O12: н | P12: н | Q12: н | R12: н | S12: н | T12: н | U12: н/а | W12: н | X12: н | Y12: н | Z12: н | AA12: н | AB12: н | AC12: н/а | AE12: н/а | AG12: н | AH12: н | AI12: н | AJ12: н | AK12: н | AL12: н | AM12: н | AN12: н | AO12: н/а | AQ12: н | AR12: н | AS12: н | AT12: н | AU12: відрахований наказ №17-с/к від 27.02.2026
A13: 10. | B13: Кутєхов Назарій Олександрович | C13: н | D13: н | E13: н | F13: н | G13: н | H13: н | I13: н | J13: н | K13: н/а | L13: 3 | M13: н | N13: н | O13: н | P13: н | Q13: н | R13: н | S13: н | T13: н | U13: н/а | V13: 3 | W13: н | X13: н | Y13: н | Z13: н | AA13: н | AB13: н | AC13: н/а | AE13: н/а | AF13: 3 | AG13: н | AH13: н | AI13: н | AJ13: н | AK13: н | AL13: н | AM13: н | AN13: н | AO13: н/а | AP13: 3 | AQ13: н | AR13: н | AS13: н | AT13: н | AU13: н | AV13: н | AW13: н | AX13: н | AY13: н/а | AZ13: 3 | BA13: н | BB13: н | BC13: н | BD13: н | BE13: н | BF13: н | BG13: н | BH13: н | BI13: н/а | BJ13: 3 | BK13: 3 | BM13: 3
A14: 11. | B14: Малюк Нікіта Сергійович | C14: н | D14: н | E14: н | F14: 5 | H14: н | I14: 2 | K14: 3 | N14: н | O14: н | P14: н | Q14: н | R14: 4 | S14: 2 | T14: н | U14: 3 | X14: 2 | Z14: н | AA14: 2 | AC14: н/а | AD14: 3 | AE14: 3 | AH14: н | AI14: н | AJ14: н | AK14: н | AL14: н | AM14: н | AN14: н | AO14: н/а | AP14: 3 | AQ14: н | AR14: н | AS14: н | AT14: н | AU14: 2 | AX14: 4 | AY14: 3 | BA14: 4 | BB14: 4 | BC14: н | BD14: н | BE14: 2 | BF14: н | BG14: н | BH14: н | BI14: 3 | BK14: 3 | BM14: 3
A15: 12. | B15: Мезенцев Кирило Анатолійович | C15: н | D15: н | E15: н | F15: н | G15: н | H15: н | I15: н | J15: н | K15: н/а | M15: н | N15: н | O15: н | P15: н | Q15: н | R15: н | S15: н | T15: н | U15: н/а | W15: н | X15: н | Y15: н | Z15: н | AA15: н | AB15: н | AC15: н/а | AE15: н/а | AG15: н | AH15: н | AI15: н | AJ15: н | AK15: н | AL15: н | AM15: н | AN15: н | AO15: н/а | AQ15: н | AR15: н | AS15: н | AT15: н | AU15: відрахований наказ №18-с/к від 04.04.26
A16: 13. | B16: Надіров Расім Аріфович | C16: н | D16: н | E16: н | F16: н | G16: н | H16: н | I16: н | J16: н | K16: н/а | M16: н | N16: н | O16: н | P16: н | Q16: н | R16: н | S16: н | T16: н | U16: н/а | W16: н | X16: н | Y16: н | Z16: н | AA16: н | AB16: н | AC16: н/а | AE16: н/а | AG16: н | AH16: н | AI16: н | AJ16: н | AK16: н | AL16: н | AM16: н | AN16: н | AO16: н/а | AQ16: н | AR16: н | AS16: н | AT16: н | AU16: академічна відпустка наказ №16-с/к від 25.02.26
A17: 14. | B17: Онищенко Ярослав Віталійович | C17: н | D17: н | E17: н | F17: н | G17: н | H17: н | I17: н | J17: н | K17: н/а | M17: н | N17: н | O17: н | P17: н | Q17: н | R17: н | S17: н | T17: н | U17: н/а | W17: н | X17: н | Y17: н | Z17: н | AA17: н | AB17: н | AC17: н/а | AE17: н/а | AG17: н | AH17: н | AI17: н | AJ17: н | AK17: н | AL17: н | AM17: н | AN17: н | AO17: н/а | AQ17: н | AR17: н | AS17: н | AT17: н | AU17: відрахований наказ №17-с/к від 27.02.2026
A18: 15. | B18: Павлюк Дмитро Ігорович | C18: н | D18: н | E18: н | F18: н | G18: н | H18: н | I18: н | J18: н | K18: н/а | M18: н | N18: н | O18: н | P18: н | Q18: н | R18: н | S18: н | T18: н | U18: н/а | W18: н | X18: н | Y18: н | Z18: н | AA18: н | AB18: н | AC18: н/а | AE18: н/а | AG18: н | AH18: н | AI18: н | AJ18: н | AK18: н | AL18: н | AM18: н | AN18: н | AO18: н/а | AQ18: н | AR18: н | AS18: н | AT18: н | AU18: відрахований наказ №26-с/к від 17.03.2026
A19: 16. | B19: Плетій Андрій Анатолійович | C19: н | D19: н | E19: н | F19: н | G19: н | H19: н | I19: н | J19: н | K19: н/а | M19: н | N19: н | O19: н | P19: н | Q19: н | R19: н | S19: н | T19: н | U19: н/а | W19: н | X19: н | Y19: н | Z19: н | AA19: н | AB19: н | AC19: н/а | AE19: н/а | AG19: н | AH19: н | AI19: н | AJ19: н | AK19: н | AL19: н | AM19: н | AN19: н | AO19: н/а | AQ19: н | AR19: н | AS19: н | AT19: н | AU19: відрахований наказ №18-с/к від 04.04.26
A20: 17. | B20: Портаненко Гліб Олександрович | E20: н | F20: н | G20: н | H20: н | I20: н | K20: н/а | L20: 3 | N20: н | O20: н | P20: н | Q20: н | R20: н | S20: 2 | T20: н | U20: н/а | V20: 3 | X20: 2 | Z20: н | AA20: 3 | AC20: 3 | AE20: н/а | AF20: 3 | AG20: н | AH20: н | AI20: н | AJ20: н | AK20: н | AL20: н | AM20: н | AN20: н | AO20: н/а | AP20: 3 | AQ20: н | AR20: н | AS20: н | AT20: н | AU20: н | AV20: н | AW20: н | AX20: н | AY20: н/а | AZ20: 3 | BA20: н | BB20: н | BC20: н | BD20: н | BE20: н | BF20: н | BG20: н | BI20: н/а | BJ20: 3 | BK20: 3 | BM20: 3
A21: 18. | B21: Ткаченко Кирило Сергійович | E21: н | F21: 2 | H21: н | I21: 3 | K21: 3 | Q21: н | S21: 2 | T21: н | U21: н/а | V21: 3 | X21: 2 | Z21: н | AA21: 2 | AC21: н/а | AD21: 3 | AE21: н/а | AF21: 3 | AG21: н | AK21: н | AO21: н/а | AP21: 3 | AQ21: н | AR21: н | AS21: н | AT21: н | AU21: н | AV21: н | AX21: 4 | AY21: н/а | AZ21: 3 | BA21: 3 | BB21: 3 | BC21: н | BD21: н | BE21: 2 | BF21: 5 | BH21: н | BI21: 3 | BK21: 3 | BM21: 3
A22: 19. | B22: Царюк Єгор Андрійович | E22: н | F22: 3 | G22: н | H22: 2 | I22: н | J22: н | K22: 3 | N22: н | O22: н | P22: 4 | Q22: н | R22: н | S22: н | T22: н | U22: н/а | V22: 3 | W22: н | X22: 5 | AA22: 5 | AC22: 5 | AE22: 3 | AH22: н | AJ22: н | AK22: 5 | AL22: н | AN22: 5 | AO22: 5 | AQ22: н | AS22: н | AT22: 5 | AU22: н | AX22: 4 | AY22: 4 | BA22: 5 | BB22: 5 | BE22: н | BF22: 5 | BI22: 5 | BK22: 5 | BM22: 5
A23: 20. | B23: Дорубайло Ілля Олексійович | AG23: н | AH23: н | AI23: н | AJ23: н | AK23: н | AL23: н | AM23: н | AN23: н | AO23: н/а | AP23: 3 | AQ23: н | AR23: н | AS23: н | AT23: н | AU23: н | AV23: н | AW23: н | AX23: н | AY23: н/а | AZ23: 3 | BA23: н | BB23: н | BC23: н | BD23: н | BE23: н | BF23: н | BG23: н | BH23: н | BI23: н/а | BJ23: 3 | BK23: н/а | BL23: 3 | BM23: 3
A24: № | B24: Дата | C24: Години | D24: Тема заняття | M24: Домашня робота
A25: 1 | B25: 45943 | C25: 2 | D25: Основні поняття та проблеми розробки ПЗ.
A26: 2 | B26: 45946 | C26: 2 | D26: Практ. роб. з Поняття, означення та проблеми розробки ПЗ.
A27: 3 | B27: 45948 | C27: 2 | D27: Програмне забезпечення та інструментарій технології програмування.
A28: 4 | B28: 45950 | C28: 2 | D28: Практ. роб. з Програмне забезпечення та інструментарій технології програмування.
A29: 5 | B29: 45953 | C29: 2 | D29: Життєвий цикл ПЗ (програмного забезбечення). Міжнародні стандарти життєвого циклу ПЗ.
B30: жовтень | C30: 10
A31: 6 | B31: 45957 | C31: 2 | D31: Практ. роб. з Життєвий цикл ПЗ (програмного забезбечення).
A32: 7 | B32: 45960 | C32: 2 | D32: Практ. роб. з Міжнародні стандарти життєвого циклу ПЗ.
A33: 8 | B33: 45964 | C33: 2 | D33: Основні типи моделей життєвого циклу. Моделі та методології розробки ПЗ.
A34: 9 | B34: 45967 | C34: 2 | D34: Практ. роб. з Основні типи моделей життєвого циклу.
A35: 10 | B35: 45971 | C35: 2 | D35: Практ. роб. з Моделі та методології розробки ПЗ.
A36: 11 | B36: 45974 | C36: 2 | D36: Загальні підходи до моделювання ПЗ. Аналіз вимог до програмного забезпечення.
A37: 12 | B37: 45978 | C37: 2 | D37: Практ. роб. з Аналіз вимог до програмного забезпечення.
B38: листопад | C38: 14
A39: 13 | B39: 45981 | C39: 2 | D39: Експлуатація та супроводження готової програмної системи. Інженерія вимог як процес.
A40: 14 | B40: 45985 | C40: 2 | D40: Практ. роб. з Експлуатація та супроводження готової програмної системи.
A41: 15 | B41: 45988 | C41: 2 | D41: Практ. роб. з Інженерія вимог як процес.
A42: 16 | B42: 45990 | C42: 2 | D42: Документування моделей предметної області з використанням UML. Концептуальна модель UML.
A43: 17 | B43: 45992 | C43: 2 | D43: Зв’язки в UML. Діаграми та правила UML.
A44: 18 | B44: 45995 | C44: 2 | D44: Практ. роб. з Зв’язки в UML.
A45: 19 | B45: 45999 | C45: 2 | D45: Практ. роб. з Діаграми та правила UML.
A46: 20 | B46: 46002 | C46: 2 | D46: Шаблони (патерни) проектування ПЗ. Патерни програмування
B47: грудень | C47: 16
A48: 21 | B48: 46006 | C48: 2 | D48: Практ. роб. з Шаблони (патерни) проектування ПЗ.
A49: 22 | B49: 46009 | C49: 2 | D49: Практ. роб. з Патерни програмування.
B50: січень | C50: 4
A51: 23 | B51: 46048 | C51: 2 | D51: Архітектурні шаблони програмного забезпечення.
A52: 24 | B52: 46051 | C52: 2 | D52: Практ. роб. з Шаблони проектування та програмування ПЗ.
A53: 25 | B53: 46055 | C53: 2 | D53: Введення в управління проектами.
A54: 26 | B54: 46058 | C54: 2 | D54: Методи управління проектами.
A55: 27 | B55: 46062 | C55: 2 | D55: Практ. роб. з Методи та структура управління проектами.
A56: 28 | B56: 46065 | C56: 2 | D56: Програмне забезпечення для управління проектами.
A57: 29 | B57: 46069 | C57: 2 | D57: Практ. роб. з Програмне забезпечення для управління проектами.
B58: лютий | C58: 14
A59: 30 | B59: 46072 | C59: 2 | D59: Системи контролю проектів. Теми з управління проектами. Міжнародні стандарти.
A60: 31 | B60: 46076 | C60: 2 | D60: Практ. роб. з Системи контролю проектів.
A61: 32 | B61: 46079 | C61: 2 | D61: Практ. роб. з Теми з управління проектами.
A62: 33 | B62: 46083 | C62: 2 | D62: Практ. роб. з Міжнародні стандарти управління проектами.
A63: 34 | B63: 46086 | C63: 2 | D63: Якість ПЗ. Метрики і стандарти якості ПЗ.
A64: 35 | B64: 46090 | C64: 2 | D64: Практ. роб. з Якість ПЗ.
A65: 36 | B65: 46093 | C65: 2 | D65: Практ. роб. з Метрики і стандарти якості ПЗ.
A66: 37 | B66: 46097 | C66: 2 | D66: Система управління якістю. Види тестування.
A67: 38 | B67: 46100 | C67: 2 | D67: Практ. роб. з Процес сертифікації програм на базі інформації про їх використання.
C68: 18
A69: 39 | B69: 46104 | C69: 2 | D69: Практ. роб. з Види тестування.
A70: 40 | B70: 46107 | C70: 2 | D70: Практ. роб. з Сертифікація ПЗ з участю користувачів, її переваги.
A71: 41 | B71: 46111 | C71: 2 | D71: Введення в тестування програмного забезпечення.
A72: 42 | B72: 46114 | C72: 2 | D72: Особливості вимог програмного забезпечення. Методи і фази тестування.
A73: 43 | B73: 46118 | C73: 2 | D73: Необхідні і достатні умови для проведення тестування.
A74: 44 | B74: 46121 | C74: 2 | D74: Практ. роб. з Цілі і завдання процесу тестування та необхідні і достатні умови для проведення тестування.
A75: 45 | B75: 46125 | C75: 2 | D75: Практ. роб. з Методи тестування. Вимоги програмного забезпечення.
A76: 46 | B76: 46128 | C76: 2 | D76: Практ. роб. з Фази тестування.
C78: 2 | D78: Залік
C79: 18
D80: За планом 92 години. Фактично виконано 92 години. З них в дистанційному режимі 64 годин. Програму виконано.

Sheet Організація баз даних
B1: Назва дисципліни | C1: Організація баз даних
B2: Викладач | C2: Порохня І.М.
A3: № | B3: ПІБ студента | C3: 45945 | D3: 45947 | E3: 45952 | F3: 45954 | G3: 45959 | H3: 45961 | I3: 45966 | J3: 45968 | K3: Тематична | M3: 45973 | N3: 45975 | O3: 45976 | P3: 45980 | Q3: 45982 | R3: 45987 | S3: 45989 | T3: 45994 | U3: Тематична | W3: 45996 | X3: 46001 | Y3: 46003 | Z3: 46004 | AA3: 46008 | AB3: 46010 | AC3: Тематична | AE3: семестрова | AG3: 46048 | AH3: 46050 | AI3: 46055 | AJ3: 46057 | AK3: 46062 | AL3: 46064 | AM3: 46069 | AN3: 46071 | AO3: тематична | AQ3: 46076 | AR3: 46078 | AS3: 46083 | AT3: 46085 | AU3: 46090 | AV3: 46092 | AW3: 46097 | AX3: 46099 | AY3: тематична | BA3: 46104 | BB3: 46106 | BC3: 46111 | BD3: 46113 | BE3: 46118 | BF3: 46120 | BG3: 46125 | BH3: 46127 | BI3: тематична | BK3: семестрова | BM3: Залік
A4: 1. | B4: Гриценко Денис Сергійович | D4: 3 | E4: 3 | F4: 3 | H4: н | I4: н | J4: н | K4: 3 | M4: н | N4: н | O4: н | P4: н | R4: 3 | S4: 3 | T4: 3 | U4: 3 | W4: н | X4: 3 | Y4: н | Z4: 3 | AA4: н | AB4: 3 | AC4: 3 | AE4: 3 | AF4: відрахований наказ №17-с/к від 27.02.2026 | BC4: н | BE4: н | BK4: відрахований наказ №17-с/к від 27.02.2026
A5: 2. | B5: Гришков Едуард Сергійович | C5: н | D5: н | E5: н | F5: н | G5: н | H5: н | I5: н | J5: н | K5: н/а | M5: н | N5: н | O5: н | P5: н | Q5: н | R5: н | S5: н | T5: н | U5: н/а | W5: н | X5: н | Y5: н | Z5: н | AA5: н | AB5: н | AC5: н/а | AE5: н/а | BC5: н | BE5: відрахований наказ №29-с/к від 27.03.26 | BK5: відрахований наказ №29-с/к від 27.03.26
A6: 3. | B6: Дворник Іван Миколайович | C6: 3 | D6: н | E6: н | F6: 3 | G6: н | H6: н | I6: н | J6: 5 | K6: 3 | M6: н | N6: н | O6: н | P6: 3 | Q6: 3 | R6: 3 | S6: н | T6: н | U6: 3 | W6: 3 | X6: н | Y6: 3 | Z6: н | AA6: н | AB6: 3 | AC6: 3 | AE6: 3 | AH6: 3 | AJ6: 3 | AL6: 3 | AO6: 3 | AR6: 3 | AT6: 3 | AV6: 3 | BB6: 3 | BC6: н | BD6: 3 | BE6: н | BF6: 3 | BK6: 3 | BM6: 3
A7: 4. | B7: Демченко Максим Сергійович | C7: н | D7: н | E7: н | F7: н | G7: н | H7: н | I7: н | J7: н | K7: н/а | M7: н | N7: н | O7: н | P7: н | Q7: н | R7: н | S7: н | T7: н | U7: н/а | W7: н | X7: н | Y7: н | Z7: н | AA7: н | AB7: н | AC7: н/а | AE7: н/а | AF7: відрахований наказ №15-с/к від 18.02.2026 | BC7: н | BE7: н | BK7: відрахований наказ №15-с/к від 18.02.2026
A8: 5. | B8: Івахненко Олександр Олександрович | C8: н | D8: н | E8: н | F8: н | G8: н | H8: н | I8: н | J8: н | K8: н/а | M8: н | N8: н | O8: н | P8: н | Q8: н | R8: н | S8: н | T8: н | U8: н/а | W8: н | X8: н | Y8: н | Z8: н | AA8: н | AB8: н | AC8: н/а | AE8: н/а | AF8: академічна відпустка наказ №14-с/к від 16.02.26 | BC8: н | BE8: н | BK8: академічна відпустка наказ №14-с/к від 16.02.26
A9: 6. | B9: Ішков Леонід Вікторович | E9: 5 | G9: 5 | J9: 5 | K9: 5 | M9: 5 | O9: 5 | Q9: 5 | R9: н | S9: н | U9: 5 | Y9: 5 | AA9: 5 | AB9: 5 | AC9: 5 | AE9: 5 | AH9: 5 | AJ9: 5 | AL9: 5 | AO9: 5 | AR9: 5 | AT9: 5 | AV9: 5 | BB9: 5 | BD9: 5 | BF9: 5 | BK9: 5 | BM9: 5
A10: 7. | B10: Каратаєв Данііл Сергійович | C10: 3 | F10: н | G10: 3 | H10: н | I10: н | J10: 5 | K10: 3 | N10: 3 | R10: н | S10: 3 | T10: 3 | U10: 3 | W10: 3 | X10: н | Y10: н | Z10: 3 | AA10: н | AB10: 3 | AC10: 3 | AE10: 3 | AH10: 3 | AJ10: 3 | AL10: 3 | AO10: 3 | AR10: 3 | AT10: 3 | AV10: 3 | BB10: 3 | BD10: 3 | BF10: 3 | BK10: 3 | BM10: 3
A11: 8. | B11: Кисляков Дмитро Олександрович | E11: 5 | F11: 5 | J11: 4 | K11: 5 | M11: н | N11: н | O11: н | P11: н | Q11: 5 | R11: 5 | S11: н | T11: 5 | U11: 5 | W11: 5 | X11: 5 | Y11: н | Z11: н | AA11: н | AB11: 5 | AC11: 5 | AE11: 5 | AH11: 5 | AJ11: 5 | AL11: 5 | AO11: 5 | AR11: 5 | AT11: 5 | AV11: 5 | BB11: 5 | BD11: 5 | BF11: 5 | BK11: 5 | BM11: 5
A12: 9. | B12: Ковальчук Арсеній Борисович | C12: н | D12: н | E12: н | F12: н | G12: н | H12: н | I12: н | J12: н | K12: н/а | M12: н | N12: н | O12: н | P12: н | Q12: н | R12: н | S12: н | T12: н | U12: н/а | W12: н | X12: н | Y12: н | Z12: н | AA12: н | AB12: н | AC12: н/а | AE12: н/а | AF12: відрахований наказ №17-с/к від 27.02.2026 | BC12: н | BE12: н | BK12: відрахований наказ №17-с/к від 27.02.2026
A13: 10. | B13: Кутєхов Назарій Олександрович | C13: н | D13: н | E13: н | F13: н | G13: н | H13: н | I13: н | J13: н | K13: н/а | M13: н | N13: н | O13: н | P13: н | Q13: н | R13: н | S13: н | T13: н | U13: н/а | W13: н | X13: н | Y13: н | Z13: н | AA13: н | AB13: н | AC13: н/а | AE13: н/а | BC13: н | BE13: н | BK13: н/а | BM13: н/а
A14: 11. | B14: Малюк Нікіта Сергійович | C14: 4 | D14: н | E14: н | F14: 4 | G14: н | H14: н | I14: н | J14: 5 | K14: 4 | M14: 4 | N14: 4 | O14: 4 | Q14: н | R14: н | S14: н | U14: 4 | X14: 4 | Z14: 4 | AA14: 4 | AC14: 4 | AE14: 4 | AH14: 3 | AJ14: 3 | AL14: 3 | AO14: 3 | AR14: 3 | AT14: 3 | AV14: 3 | BB14: 3 | BD14: 3 | BF14: 3 | BK14: 3 | BM14: 3
A15: 12. | B15: Мезенцев Кирило Анатолійович | C15: н | D15: н | E15: н | F15: н | G15: н | H15: н | I15: н | J15: н | K15: н/а | M15: н | N15: н | O15: н | P15: н | Q15: н | R15: н | S15: н | T15: н | U15: н/а | W15: н | X15: н | Y15: н | Z15: н | AA15: н | AB15: н | AC15: н/а | AE15: н/а | AF15: відрахований наказ №18-с/к від 04.04.26 | BC15: н | BE15: н | BK15: відрахований наказ №18-с/к від 04.04.26
A16: 13. | B16: Надіров Расім Аріфович | C16: н | D16: н | E16: н | F16: н | G16: н | H16: н | I16: н | J16: н | K16: н/а | M16: н | N16: н | O16: н | P16: н | Q16: н | R16: н | S16: н | T16: н | U16: н/а | W16: н | X16: н | Y16: н | Z16: н | AA16: н | AB16: н | AC16: н/а | AE16: н/а | AF16: академічна відпустка наказ №16-с/к від 25.02.26 | BC16: н | BE16: н | BK16: академічна відпустка наказ №16-с/к від 25.02.26
A17: 14. | B17: Онищенко Ярослав Віталійович | C17: н | D17: н | E17: н | F17: н | G17: н | H17: н | I17: н | J17: н | K17: н/а | M17: н | N17: н | O17: н | P17: н | Q17: н | R17: н | S17: н | T17: н | U17: н/а | W17: н | X17: н | Y17: н | Z17: н | AA17: н | AB17: н | AC17: н/а | AE17: н/а | AF17: відрахований наказ №17-с/к від 27.02.2026 | BC17: н | BE17: н | BK17: відрахований наказ №17-с/к від 27.02.2026
A18: 15. | B18: Павлюк Дмитро Ігорович | C18: н | D18: н | E18: н | F18: н | G18: н | H18: н | I18: н | J18: н | K18: н/а | M18: н | N18: н | O18: н | P18: н | Q18: н | R18: н | S18: н | T18: н | U18: н/а | W18: н | X18: н | Y18: н | Z18: н | AA18: н | AB18: н | AC18: н/а | AE18: н/а | AF18: відрахований наказ №26-с/к від 17.03.2026 | BC18: н | BE18: н | BK18: відрахований наказ №26-с/к від 17.03.2026
A19: 16. | B19: Плетій Андрій Анатолійович | C19: н | D19: н | E19: н | F19: н | G19: н | H19: н | I19: н | J19: н | K19: н/а | M19: н | N19: н | O19: н | P19: н | Q19: н | R19: н | S19: н | T19: н | U19: н/а | W19: н | X19: н | Y19: н | Z19: н | AA19: н | AB19: н | AC19: н/а | AE19: н/а | AF19: відрахований наказ №18-с/к від 04.04.26 | BC19: н | BE19: н | BK19: відрахований наказ №18-с/к від 04.04.26
A20: 17. | B20: Портаненко Гліб Олександрович | C20: 3 | D20: 3 | F20: н | G20: н | H20: н | I20: 3 | J20: н | K20: 3 | N20: 3 | Q20: н | S20: 3 | T20: 3 | U20: 3 | W20: 3 | X20: 3 | Y20: н | Z20: н | AA20: 3 | AB20: н | AC20: 3 | AE20: 3 | AH20: 3 | AJ20: 3 | AL20: 3 | AO20: 3 | AR20: 3 | AT20: 3 | AV20: 3 | BB20: 3 | BC20: н | BD20: 3 | BE20: н | BF20: 3 | BK20: 3 | BM20: 3
A21: 18. | B21: Ткаченко Кирило Сергійович | D21: 4 | F21: 4 | H21: 4 | J21: н | K21: 4 | M21: 4 | P21: 4 | R21: 4 | S21: н | U21: 4 | W21: н | Y21: 4 | Z21: 4 | AA21: 4 | AB21: н | AC21: 4 | AE21: 4 | AH21: 3 | AJ21: 3 | AL21: 3 | AO21: 3 | AR21: 3 | AT21: 3 | AV21: 3 | BB21: 3 | BD21: 3 | BE21: н | BF21: 3 | BK21: 3 | BM21: 3
A22: 19. | B22: Царюк Єгор Андрійович | C22: н | D22: 5 | E22: н | F22: 5 | G22: н | H22: 5 | I22: н | J22: н | K22: 5 | M22: н | N22: н | O22: н | P22: н | Q22: н | R22: 5 | S22: 5 | T22: 5 | U22: 5 | W22: н | X22: 5 | Y22: 5 | AB22: 5 | AC22: 5 | AE22: 5 | AH22: 5 | AJ22: 5 | AL22: 5 | AO22: 5 | AR22: 5 | AT22: 5 | AV22: 5 | BB22: 5 | BD22: 5 | BF22: 5 | BK22: 5 | BM22: 5
A23: 20 | B23: Дорубайло Ілля Олексійович | BK23: 3 | BM23: 3
A24: № | B24: Дата | C24: Години | D24: Тема заняття | P24: Домашня робота
A25: 1 | B25: 45945 | C25: 2 | D25: Вступ, перша частина презентації і трохи демонстрації таблиць та join | P25: завдання в класрумі
A26: 2 | B26: 45947 | C26: 2 | D26: Вступ, друга част | P26: завдання в класрумі
A27: 3 | B27: 45952 | C27: 2 | D27: Встановлення СУБД | P27: завдання в класрумі
A28: 4 | B28: 45954 | C28: 2 | D28: типи даних | P28: завдання в класрумі
A29: 5 | B29: 45959 | C29: 2 | D29: типи даних практика | P29: завдання в класрумі
A30: 6 | B30: 45961 | C30: 2 | D30: Основні операції | P30: завдання в класрумі
A31: 7 | B31: 45966 | C31: 2 | D31: Основні операції класна робота | P31: завдання в класрумі
A32: 8 | B32: 45968 | C32: 2 | D32: зв`язки | P32: завдання в класрумі
A33: 9 | B33: 45973 | C33: 2 | D33: зв`язки побудова блок-схеми | P33: завдання в класрумі
A34: 10 | B34: 45975 | C34: 2 | D34: зв`язки програмно | P34: завдання в класрумі
B35: 45976 | C35: 2 | D35: зв`язки програмно ч.2 | P35: завдання в класрумі
A36: 11 | B36: 45980 | C36: 2 | D36: зв`язки програмно ч.3 | P36: завдання в класрумі
A37: 12 | B37: 45982 | C37: 2 | D37: тест 1 | P37: завдання в класрумі
A38: 13 | B38: 45987 | C38: 2 | D38: зв'язки join | P38: лекція класрумі
A39: 14 | B39: 45989 | C39: 2 | D39: join програмно | P39: завдання в класрумі
A40: 15 | B40: 45994 | C40: 2 | D40: join в класі | P40: завдання в класрумі
A41: 16 | B41: 45996 | C41: 2 | D41: join практика | P41: лекція в класрум
A42: 17 | B42: 46001 | C42: 2 | D42: агрегації лекція | P42: лекція в класрум
A43: 18 | B43: 46003 | C43: 2 | D43: агрегації практика | P43: завдання в класрумі
A44: 19 | B44: 46004 | C44: 2 | D44: group by | P44: лекція в класрум
A45: 20 | B45: 46008 | C45: 2 | D45: доздача робіт | P45: лекція в класрум
A46: 21 | B46: 46010 | C46: 2 | D46: семестрова | P46: семестрова
A47: 22 | C47: =SUM(C25:C46) -> 44
A48: 23
A49: 24
A50: 25
A51: 26
A52: 27

Sheet Системне програмування
A1: р | B1: Назва дисципліни | C1: Системне програмування
B2: Викладач | C2: Порохня І.М.
A3: № | B3: ПІБ студента | C3: 45943 | D3: 45948 | E3: 45950 | F3: 45957 | G3: 45964 | H3: 45971 | I3: 45978 | J3: 45985 | K3: 45992 | L3: 45999 | M3: 46006 | N3: Тематична | P3: семестрова | R3: екзамен
A4: 1. | B4: Гриценко Денис Сергійович | C4: н | D4: н | E4: н | F4: н | I4: 3 | J4: н | K4: н | L4: н | M4: н | N4: н/а | P4: н/а | R4: н/д | T4: відрахований наказ №17-с/к від 27.02.2026
A5: 2. | B5: Гришков Едуард Сергійович | C5: н | D5: н | E5: н | F5: н | G5: н | H5: н | I5: н | J5: н | K5: н | L5: н | M5: н | N5: н/а | P5: н/а | R5: н/д | T5: відрахований наказ №29-с/к від 27.03.26
A6: 3. | B6: Дворник Іван Миколайович | C6: 5 | D6: 5 | E6: 4 | F6: 5 | G6: н | H6: 4 | I6: 4 | J6: 5 | K6: н | L6: н | M6: н | N6: 5 | P6: 5 | R6: 4
A7: 4. | B7: Демченко Максим Сергійович | C7: н | D7: н | E7: н | F7: н | G7: н | H7: н | I7: н | J7: н | K7: н | L7: н | M7: н | N7: н/а | P7: н/а | R7: н/д | T7: відрахований наказ №15-с/к від 18.02.2026
A8: 5. | B8: Івахненко Олександр Олександрович | C8: н | D8: н | E8: н | F8: н | G8: н | H8: н | I8: н | J8: н | K8: н | L8: н | M8: н | N8: н/а | P8: н/а | R8: н/д | T8: академічна відпустка наказ №14-с/к від 16.02.26
A9: 6. | B9: Ішков Леонід Вікторович | E9: 5 | F9: 5 | H9: 5 | J9: 5 | L9: 5 | N9: 5 | P9: 5 | R9: 5
A10: 7. | B10: Каратаєв Данііл Сергійович | E10: 5 | F10: 4 | H10: 4 | I10: 4 | K10: н | L10: н | M10: н | N10: 4 | P10: 4 | R10: 4
A11: 8. | B11: Кисляков Дмитро Олександрович | C11: 4 | D11: 5 | E11: 5 | F11: 4 | G11: н | H11: н | I11: н | J11: н | K11: н | L11: н | M11: н | N11: 4 | P11: 4 | R11: 5
A12: 9. | B12: Ковальчук Арсеній Борисович | C12: н | D12: н | E12: н | F12: н | G12: н | H12: н | I12: н | J12: н | K12: н | L12: н | M12: н | N12: н/а | P12: н/а | R12: н/д | T12: відрахований наказ №17-с/к від 27.02.2026
A13: 10. | B13: Кутєхов Назарій Олександрович | C13: н | D13: н | E13: н | F13: н | G13: н | H13: н | I13: н | J13: н | K13: н | L13: н | M13: н | N13: н/а | P13: н/а | R13: н/д
A14: 11. | B14: Малюк Нікіта Сергійович | C14: н | D14: н | F14: н | G14: 3 | H14: 3 | I14: н | J14: н | K14: 4 | N14: 3 | P14: 3 | R14: 3
A15: 12. | B15: Мезенцев Кирило Анатолійович | C15: н | D15: н | E15: н | F15: н | G15: н | H15: н | I15: н | J15: н | K15: н | L15: н | M15: н | N15: н/а | P15: н/а | R15: н/д | T15: відрахований наказ №18-с/к від 04.04.26
A16: 13. | B16: Надіров Расім Аріфович | C16: н | D16: н | E16: н | F16: н | G16: н | H16: н | I16: н | J16: н | K16: н | L16: н | M16: н | N16: н/а | P16: н/а | R16: н/д | T16: академічна відпустка наказ №16-с/к від 25.02.26
A17: 14. | B17: Онищенко Ярослав Віталійович | C17: н | D17: н | E17: н | F17: н | G17: н | H17: н | I17: н | J17: н | K17: н | L17: н | M17: н | N17: н/а | P17: н/а | R17: н/д | T17: відрахований наказ №17-с/к від 27.02.2026
A18: 15. | B18: Павлюк Дмитро Ігорович | C18: н | D18: н | E18: н | F18: н | G18: н | H18: н | I18: н | J18: н | K18: н | L18: н | M18: н | N18: н/а | P18: н/а | R18: н/д | T18: відрахований наказ №26-с/к від 17.03.2026
A19: 16. | B19: Плетій Андрій Анатолійович | C19: н | D19: н | E19: н | F19: н | G19: н | H19: н | I19: н | J19: н | K19: н | L19: н | M19: н | N19: н/а | P19: н/а | R19: н/д | T19: відрахований наказ №18-с/к від 04.04.26
A20: 17. | B20: Портаненко Гліб Олександрович | C20: н | D20: н | E20: н | F20: н | G20: н | H20: н | I20: н | J20: н | K20: н | L20: н | M20: н | N20: н/а | P20: н/а | R20: н/д
A21: 18. | B21: Ткаченко Кирило Сергійович | D21: 3 | E21: н | F21: н | G21: н | H21: 3 | I21: 4 | J21: 4 | K21: 4 | L21: 3 | N21: 4 | P21: 4 | R21: 3
A22: 19. | B22: Царюк Єгор Андрійович | E22: 5 | F22: 4 | G22: н | H22: н | I22: 4 | J22: 5 | K22: н | L22: 5 | N22: 5 | P22: 5 | R22: 5
A24: № | B24: Дата | C24: Години | D24: Тема заняття | M24: Домашня робота
A25: 1 | B25: 45943 | C25: 2 | D25: повторення | M25: завдання в classroom
A26: 2 | B26: 45948 | C26: 2 | D26: лекція по системному програмуванню | M26: лекція в класрумі
A27: 3 | B27: 45950 | C27: 2 | D27: встановлення ассемблера на пк | M27: завдання в classroom
A28: 4 | B28: 45957 | C28: 2 | D28: виклик іншої програми | M28: завдання в classroom
A29: 5 | B29: 45964 | C29: 2 | D29: відкриття віндовс форми | M29: завдання в classroom
A30: 6 | B30: 45971 | C30: 2 | D30: лекція по потокам | M30: лекція в класрумі
A31: 7 | B31: 45978 | C31: 2 | D31: практика по потокам | M31: завдання в classroom
A32: 8 | B32: 45985 | C32: 2 | D32: витоки пам'яті | M32: завдання в classroom
A33: 9 | B33: 45992 | C33: 2 | D33: Ui форми віндовс покращені | M33: завдання в classroom
A34: 10 | B34: 45999 | C34: 2 | D34: стек та купа | M34: завдання в classroom
A35: 11 | B35: 46006 | C35: 2 | D35: підготовка до екзамену | M35: лекція в класрумі
A36: 12 | C36: =SUM(C25:C35) -> 22
A37: 13 | C37: 2
A38: 14 | C38: 2
A39: 15 | C39: 2
A40: 16 | C40: 2
A41: 17 | C41: 2
A42: 18 | C42: 2
A43: 19 | C43: 2
A44: 20 | C44: 2
A45: 21 | C45: 2
A46: 22 | C46: 2
A47: 23 | C47: 2

Sheet Фізичне виховання
B1: Назва дисципліни | C1: Фізичне виховання
B2: Викладач | C2: Тарнавський А.М.
A3: № | B3: ПІБ студента | C3: 45946 | D3: 45953 | E3: 45960 | F3: 45967 | G3: 45974 | H3: 45981 | I3: 45988 | J3: 45990 | K3: 45995 | L3: 46002 | M3: 46009 | N3: Тематична | P3: І семестр | R3: Залік
A4: 1. | B4: Гриценко Денис Сергійович | C4: 3 | D4: н | E4: 4 | F4: 3 | G4: 3 | H4: 3 | I4: 4 | J4: 4 | L4: 4 | M4: н | N4: =AVERAGE(C4:M4) -> 3.5 | P4: =N4 -> 3.5 | R4: =P4 -> 3.5 | T4: відрахований наказ №17-с/к від 27.02.2026
A5: 2. | B5: Гришков Едуард Сергійович | D5: н | F5: н | K5: н | M5: н | N5: н/а | P5: =N5 -> н/а | R5: =P5 -> н/а | T5: відрахований наказ №29-с/к від 27.03.26
A6: 3. | B6: Дворник Іван Миколайович | F6: н | I6: 3 | J6: 3 | K6: 3 | L6: 3 | M6: н | N6: 3 | P6: 3 | R6: =P6 -> 3
A7: 4. | B7: Демченко Максим Сергійович | D7: н | F7: н | K7: н | M7: н | N7: н/а | P7: =N7 -> н/а | R7: =P7 -> н/а | S7: відрахований наказ №15-с/к від 18.02.2026
A8: 5. | B8: Івахненко Олександр Олександрович | D8: н | F8: н | K8: н | M8: н | N8: н/а | P8: =N8 -> н/а | R8: =P8 -> н/а | S8: академічна відпустка наказ №14-с/к від 16.02.26
A9: 6. | B9: Ішков Леонід Вікторович | C9: 5 | D9: н | E9: 5 | F9: 5 | G9: 4 | H9: 4 | I9: 5 | J9: 5 | K9: 4 | L9: 4 | M9: 5 | N9: =AVERAGE(C9:M9) -> 4.6 | P9: =N9 -> 4.6 | R9: =P9 -> 4.6
A10: 7. | B10: Каратаєв Данііл Сергійович | D10: 3 | F10: 3 | H10: 3 | J10: 3 | K10: н | M10: н | N10: =AVERAGE(C10:M10) -> 3 | P10: =N10 -> 3 | R10: =P10 -> 3
A11: 8. | B11: Кисляков Дмитро Олександрович | C11: 5 | D11: н | E11: 5 | F11: 5 | G11: 4 | I11: 5 | J11: 4 | K11: 4 | M11: 5 | N11: =AVERAGE(C11:M11) -> 4.625 | P11: =N11 -> 4.625 | R11: =P11 -> 4.625
A12: 9. | B12: Ковальчук Арсеній Борисович | D12: н | F12: н | K12: н | M12: н | N12: н/а | P12: =N12 -> н/а | R12: =P12 -> н/а | T12: відрахований наказ №17-с/к від 27.02.2026
A13: 10. | B13: Кутєхов Назарій Олександрович | D13: н | F13: н | K13: н | M13: н | N13: н/а | O13: 3 | P13: =N13 -> н/а | Q13: 3 | R13: =P13 -> н/а | S13: 3
A14: 11. | B14: Малюк Нікіта Сергійович | D14: н | E14: 5 | F14: н | G14: 4 | I14: 4 | M14: 5 | N14: =AVERAGE(C14:M14) -> 4.5 | P14: =N14 -> 4.5 | R14: =P14 -> 4.5
A15: 12. | B15: Мезенцев Кирило Анатолійович | D15: н | F15: н | K15: н | M15: н | N15: н/а | O15: 3 | P15: =N15 -> н/а | Q15: 3 | R15: =P15 -> н/а | S15: 3 | T15: відрахований наказ №18-с/к від 04.04.26
A16: 13. | B16: Надіров Расім Аріфович | D16: н | F16: н | K16: н | M16: н | N16: н/а | P16: =N16 -> н/а | R16: =P16 -> н/а | T16: академічна відпустка наказ №16-с/к від 25.02.26
A17: 14. | B17: Онищенко Ярослав Віталійович | D17: н | F17: н | K17: н | M17: н | N17: н/а | P17: =N17 -> н/а | R17: =P17 -> н/а | T17: відрахований наказ №17-с/к від 27.02.2026
A18: 15. | B18: Павлюк Дмитро Ігорович | D18: н | F18: н | K18: н | M18: н | N18: н/а | P18: =N18 -> н/а | R18: =P18 -> н/а | T18: відрахований наказ №26-с/к від 17.03.2026
A19: 16. | B19: Плетій Андрій Анатолійович | D19: н | F19: н | K19: н | M19: н | N19: н/а | P19: =N19 -> н/а | R19: =P19 -> н/а | T19: відрахований наказ №18-с/к від 04.04.26
A20: 17. | B20: Портаненко Гліб Олександрович | D20: н | F20: н | K20: н | M20: н | N20: н/а | O20: 3 | P20: =N20 -> н/а | Q20: 3 | R20: =P20 -> н/а | S20: 3
A21: 18. | B21: Ткаченко Кирило Сергійович | C21: 5 | D21: 4 | E21: 5 | F21: 4 | G21: 3 | H21: 3 | I21: 3 | J21: 3 | N21: =AVERAGE(C21:M21) -> 3.75 | P21: =N21 -> 3.75 | R21: =P21 -> 3.75
A22: 19. | B22: Царюк Єгор Андрійович | C22: 5 | D22: н | F22: 4 | G22: 3 | H22: 3 | I22: 4 | M22: н | N22: =AVERAGE(C22:M22) -> 3.8 | P22: =N22 -> 3.8 | R22: =P22 -> 3.8
A23: № | B23: Дата | C23: Години | D23: Тема заняття | M23: Домашня робота
A24: 1 | B24: 16.10 | C24: 2 | D24: Теоретико-методичні знання. Природниче – наукові основи фізичного виховання. Основи формування здорового способу життя. Техніка безпеки. | M24: СПВ
A25: 2 | B25: 23.10 | C25: 2 | D25: Теоретико-методичні знання. Особиста і громадська гігієна. Основи лікувальної фізичної культури. | M25: СПВ
A26: 3 | B26: 30.10 | C26: 2 | D26: Легка атлетика. Вдосконалення техніки бігу на короткі дистанції. | M26: СПВ
A27: 4 | B27: 06.11 | C27: 2 | D27: Вдосконалення техніки бігу на середні дистанції (біг по прямій та по повороту). | M27: СПВ
A28: 5 | B28: 13.11 | C28: 2 | D28: Вдосконалення техніки бігу на різні дистанції. | M28: СПВ
A29: 6 | B29: 20.11 | C29: 2 | D29: Спортивні ігри. Волейбол. Вдосконалення загального розвитку та виконання спеціально підготовчих вправ волейболістів. | M29: СПВ
A30: 7 | B30: 27.11 | C30: 2 | D30: Вправи загального розвитку, спеціально підготовчі вправи волейболістів. | M30: СПВ
A31: 8 | B31: 29.11 | C31: 2 | D31: Вдосконалення техніки переміщень, стійок волейболіста в нападі. | M31: СПВ
A32: 9 | B32: 04.12 | C32: 2 | D32: Вдосконалення техніки переміщень, стійок волейболіста в захисті. | M32: СПВ
A33: 10 | B33: 11.12 | C33: 2 | D33: Вдосконалення техніці виконання верхніх передач. | M33: СПВ
A34: 11 | B34: 18.12 | C34: 2 | D34: Вдосконалення техніки гри. Навчання техніці нападаючих ударів. Підведення підсумків. | M34: СПВ
B35: 18.12 | C35: 2 | D35: Залік
D38: За планом - 24 год. Фактично виконано - 24 год. Програму виконано _______ підпис

Sheet Теорія ймовірності та математич
B1: Назва дисципліни | C1: Теорія ймовірності та математична статистика
B2: Викладач | C2: Казмірчук О.І.
A3: № | B3: ПІБ студента | C3: 46048 | D3: 46052 | E3: 46055 | F3: 46059 | G3: 46062 | H3: 46066 | I3: 46069 | J3: 46073 | K3: 46076 | L3: 46080 | M3: Тематична | O3: 46083 | P3: 46087 | Q3: 45725 | R3: 46094 | S3: 46097 | T3: 46101 | U3: Тематична | W3: 46104 | X3: 46108 | Y3: 46111 | Z3: 46115 | AA3: 46118 | AB3: 46122 | AC3: 46125 | AD3: 46129 | AE3: Тематична | AG3: Семестр | AI3: Залік | AJ3: 46132
A4: 1. | B4: Гриценко Денис Сергійович/2 | C4: н | D4: н | E4: н | F4: н | G4: н | H4: н | I4: н | J4: н | K4: н | L4: н | M4: н/а | O4: н | P4: відрахований наказ №17-с/к від 27.02.2026
A5: 2. | B5: Гришков Едуард Сергійович/2 | C5: н | D5: н | E5: н | F5: н | G5: н | H5: н | I5: н | J5: н | K5: н | L5: н | M5: н/а | O5: н | P5: н | Q5: н | R5: н | S5: н | T5: н | U5: н/а | W5: н | X5: н | Y5: н | Z5: відрахований наказ №29-с/к від 27.03.26
A6: 3. | B6: Дворник Іван Миколайович | C6: н | D6: 3 | F6: н/3 | G6: 1 | H6: н/1 | I6: н/3 | J6: н/3 | K6: н | L6: н/3 | M6: 3 | O6: н | Q6: н | R6: н | S6: н | T6: 3 | U6: 2 | V6: 3 | W6: н/2 | X6: н | Z6: н | AA6: н | AB6: н | AC6: н/2 | AD6: н | AE6: 3 | AG6: 3 | AI6: 3
A7: 4. | B7: Демченко Максим Сергійович | C7: н | D7: н | E7: н | F7: н | G7: н | H7: н | I7: н | J7: відрахований наказ №15-с/к від 18.02.2026
A8: 5. | B8: Івахненко Олександр Олександрович | C8: н | D8: н | E8: н | F8: н | G8: н | H8: н | I8: н | J8: академічна відпустка наказ №14-с/к від 16.02.26
A9: 6. | B9: Ішков Леонід Вікторович | D9: 4 | F9: 5 | G9: 4 | H9: 4 | I9: 4 | L9: 4 | M9: 4 | P9: 4 | R9: 5 | S9: 4 | T9: 4 | U9: 4 | W9: 5 | Y9: 4 | AA9: 4 | AC9: 4 | AE9: 4 | AG9: 4 | AI9: 4
A10: 7. | B10: Каратаєв Данііл Сергійович | D10: н/3 | E10: н | F10: н/3 | G10: н/3 | H10: н/3 | I10: н | L10: 3 | M10: 3 | T10: 3 | U10: 3 | W10: 2 | AA10: 2 | AC10: 3 | AE10: 3 | AG10: 3 | AI10: 3
A11: 8. | B11: Кисляков Дмитро Олександрович | D11: 4 | F11: 4 | G11: 4 | H11: 4 | I11: 4 | L11: 4 | M11: 4 | R11: н/4 | S11: 4 | T11: 4 | U11: 4 | W11: 4 | Y11: 4 | AA11: 4 | AC11: 4 | AE11: 4 | AG11: 4 | AI11: 4
A12: 9. | B12: Ковальчук Арсеній Борисович | C12: н | D12: н | E12: н | F12: н | G12: н | H12: н | I12: н | J12: н | K12: н | L12: н | M12: н/а | O12: н | P12: відрахований наказ №17-с/к від 27.02.2026
A13: 10. | B13: Кутєхов Назарій Олександрович | C13: н | D13: н/3 | E13: н | F13: н/3 | G13: н | H13: н/3 | I13: н/3 | J13: н | K13: н | L13: н/3 | M13: 3 | O13: н | P13: н | Q13: н | R13: н/3 | T13: н/1 | U13: н/а | V13: 3 | W13: н/3 | X13: н | Y13: н | Z13: н | AA13: н/3 | AB13: н | AC13: н/2 | AD13: н | AE13: 3 | AG13: 3 | AI13: 3
A14: 11. | B14: Малюк Нікіта Сергійович | C14: н | D14: н/3 | E14: н | F14: н/3 | G14: н/3 | H14: н/3 | I14: н/3 | J14: н/3 | K14: н/3 | L14: н/2 | M14: н/а | N14: 3 | O14: н/3 | P14: н | Q14: 3 | S14: 3 | T14: 2 | U14: 2 | V14: 3 | W14: н/3 | X14: н | Y14: н | Z14: н | AA14: 3 | AB14: н | AC14: н/2 | AD14: н | AE14: н/а | AF14: 2 | AG14: н/а | AH14: 3 | AI14: 3
A15: 12. | B15: Мезенцев Кирило Анатолійович | C15: н | D15: н | E15: н | F15: н | G15: н | H15: н | I15: н | J15: н | K15: н | L15: н | M15: н/а | O15: н | P15: відрахований наказ №18-с/к від 04.04.26
A16: 13. | B16: Надіров Расім Аріфович | C16: н | D16: н | E16: н | F16: н | G16: н | H16: н | I16: н | J16: н | K16: н | L16: н | M16: н/а | O16: н | P16: академічна відпустка наказ №16-с/к від 25.02.26
A17: 14. | B17: Онищенко Ярослав Віталійович | C17: н | D17: н | E17: н | F17: н | G17: н | H17: н | I17: н | J17: н | K17: н | L17: н | M17: н/а | O17: н | P17: відрахований наказ №17-с/к від 27.02.2026
A18: 15. | B18: Павлюк Дмитро Ігорович/2 | C18: н | D18: н | E18: н | F18: н | G18: н | H18: н | I18: н | J18: н | K18: н | L18: н | M18: н/а | O18: н | P18: відрахований наказ №26-с/к від 17.03.2026
A19: 16. | B19: Плетій Андрій Анатолійович | C19: н | D19: н | E19: н | F19: н | G19: н | H19: н | I19: н | J19: н | K19: н | L19: н | M19: н/а | O19: н | P19: відрахований наказ №18-с/к від 04.04.26
A20: 17. | B20: Портаненко Гліб Олександрович | C20: н | D20: н/3 | E20: н/1 | F20: н/3 | G20: н/3 | H20: н/3 | I20: н/3 | J20: н | K20: н/3 | L20: н/3 | M20: н/а | N20: 3 | O20: н | P20: н/3 | Q20: н | R20: н | S20: н/3 | T20: н/3 | U20: н/а | V20: 3 | W20: н/3 | X20: н/3 | Y20: н | Z20: н | AA20: н/3 | AB20: н | AC20: н/3 | AD20: н | AE20: н/а | AF20: 3 | AG20: 3 | AI20: 3
A21: 18. | B21: Ткаченко Кирило Сергійович | C21: н | D21: 3 | F21: 3 | G21: 3 | H21: 3 | I21: 3 | K21: 3 | L21: н | M21: 3 | P21: 3 | R21: 2 | S21: 3 | T21: 2 | U21: 3 | W21: 3 | Y21: н | Z21: н | AA21: 3 | AC21: 3 | AE21: 3 | AF21: 3 | AG21: 3 | AI21: 3
A22: 19. | B22: Царюк Єгор Андрійович | D22: н/3 | F22: н/4 | G22: 4 | H22: н/3 | I22: 3 | J22: н | L22: н/3 | M22: 3 | O22: н | P22: н/3 | Q22: н | R22: н/4 | T22: н/4 | U22: 4 | W22: 4 | X22: 3 | Y22: 4 | Z22: н | AA22: н/4 | AC22: 4 | AE22: 4 | AG22: 4 | AI22: 4
A23: 20. | B23: Дорубайло Ілля Олексійович/2 | D23: н | E23: н | F23: н | G23: н | H23: н | I23: н | J23: н | K23: н | L23: н | M23: н/а | O23: н | P23: н | Q23: н | R23: н/2 | S23: н | T23: н/2 | U23: н/а | W23: н/2 | X23: н | Y23: н | Z23: н | AA23: н | AB23: н | AC23: н/2 | AD23: н | AE23: н/а | AG23: н/а | AI23: н/а
A24: № | B24: Дата | C24: Години | D24: Тема заняття | V24: Домашня робота
A25: 1 | B25: 46048 | C25: 2 | D25: Вступ. Основні поняття теорії ймовірностей. Випадкові події. | V25: Жлуктенко, п. 1 ст.3-8, №1-№3 ст. 24
A26: 2 | B26: 46052 | C26: 2 | D26: Основні операції над подіями. Властивості операцій над подіями. | V26: п.2-п.3 ст. 8-13, № 17-20 ст. 26
A27: 3 | B27: 46055 | C27: 2 | D27: Елементи комбінаторики та їх застосування. Застосування елементів комбінаторики до розв’язування задач. | V27: п.4 ст. 13-15, № 26-32 ст. 27
A28: 4 | B28: 46059 | C28: 2 | D28: Основні теореми теорії ймовірностей. | V28: п.5-п.6 ст.17-24, №12-№18 ст.42
A29: 5 | B29: 46062 | C29: 2 | D29: Основні формули ймовірності подій. Розв’язування задач на застосування основних теорем теорії ймовірностей. | V29: п.5-п.6 ст.17-24, №25-№29 ст. 45
A30: 6 | B30: 46066 | C30: 2 | D30: Повторні незалежні випробування. Граничні теореми формули Бернуллі. Надійність системи. Послідовності випробувань. | V30: п.1-п.4 тема 2 ст. 29-35, № 38,№39,№41 ст.46
A31: 7 | B31: 46069 | C31: 2 | D31: Одновимірні дискретні випадкові величини та їх основні закони розподілу. | V31: п.1-п.4 тема 3 ст.49-57, №5-№10 ст. 66
A32: 8 | B32: 46073 | C32: 2 | D32: Одновимірні неперервні випадкові величини та їх основні закони розподілу. Закон розподілу та форми його подання: ряд розподілу, многокутник розподілу, формульне подання. | V32: п.1-п.4 тема 3 ст.49-57, №16-№19, №25 ст. 66
A33: 9 | B33: 46076 | C33: 2 | D33: Числові характеристики одновимірних випадкових величин. | V33: п.1-п.4 тема 4 ст. 75-84№2, №4, №6, №8 ст.95
A34: 10 | B34: 46080 | C34: 2 | D34: Тематичне оцінювання по елементам комбінаторики. | V34: п.2-п.3 ст.84-92, №11, №12, №18, №20
A35: 11 | B35: 46083 | C35: 2 | D35: Розподіли неперервних випадкових величин, що найбільш часто зустрічаються. | V35: п.4-п.6 тема 6, №4, №6, №7 ст. 125
A36: 12 | B36: 46087 | C36: 2 | D36: Багатовимірні випадкові величини. Система двох випадкових величин. | V36: п.1-п.3 тема 7, №1 - №4 ст. 164
... A47: 23 | B47: 46125 | C47: 2 | D47: Класифікація випадкових процесів. Контрольна робота №2. | V47: Повторити п.1 - п. 8 тема 13 ст. 4-85
A48: 24 | B48: 46129 | C48: 2 | D48: Підсумкове заняття.
B51: 46129 | C51: 2 | D51: Залік.
D53: За планом -50 години (48+2)
D54: Фактично виконано - 50 год.
D55: Програму виконано

Sheet Соціологія
B1: Назва дисципліни | C1: Соціологія
B2: Викладач | C2: Любченко Л.В.
A3: № | B3: ПІБ студента | C3: 46050 | D3: 46052 | E3: 46057 | F3: 46059 | G3: 46064 | H3: 46066 | I3: 46071 | J3: 46073 | K3: 46078 | L3: 46080 | M3: тематична | O3: 46085 | P3: 46087 | Q3: 46092 | R3: 46094 | S3: 46099 | T3: 46101 | U3: 46106 | V3: 46108 | W3: 46113 | X3: 46115 | Y3: 46120 | Z3: 46121 | AA3: 46127 | AB3: 46129 | AC3: тематична | AE3: Залік
A4: 1. | B4: Гриценко Денис Сергійович | D4: н | F4: н | I4: н | K4: відрахований наказ №17-с/к від 27.02.2026
A5: 2. | B5: Гришков Едуард Сергійович | E5: н | G5: н | J5: н | S5: відрахований наказ №29-с/к від 27.03.26
A6: 3. | B6: Дворник Іван Миколайович | D6: н | E6: 4 | F6: н | H6: н | I6: 4 | K6: н | L6: 4 | M6: 4 | P6: 3 | S6: 4 | U6: н | V6: 4 | X6: н | Y6: н | Z6: 4 | AA6: н | AB6: н | AC6: 4 | AE6: 3
A7: 4. | B7: Демченко Максим Сергійович | E7: відрахований наказ №15-с/к від 18.02.2026
A8: 5. | B8: Івахненко Олександр Олександрович | E8: академічна відпустка наказ №14-с/к від 16.02.26
A9: 6. | B9: Ішков Леонід Вікторович | D9: 5 | F9: 5 | G9: 5 | H9: 5 | J9: 5 | M9: 5 | O9: 5 | Q9: 5 | S9: 5 | U9: н | W9: 5 | Y9: н | Z9: 5 | AC9: 5 | AE9: 5
A10: 7. | B10: Каратаєв Данііл Сергійович | D10: н | E10: 5 | G10: 5 | I10: н | K10: 4 | M10: 5 | P10: 5 | R10: 5 | T10: н | U10: 4 | W10: 5 | Y10: н | Z10: 5 | AC10: 5 | AE10: 5
A11: 8. | B11: Кисляков Дмитро Олександрович | D11: 5 | F11: 5 | G11: 5 | H11: 5 | J11: 5 | M11: 5 | Q11: 5 | S11: 5 | V11: 4 | X11: 3 | Z11: н | AA11: 4 | AB11: н | AC11: 4 | AE11: 4
A12: 9. | B12: Ковальчук Арсеній Борисович | D12: н | F12: н | J12: н | K12: відрахований наказ №17-с/к від 27.02.2026
A13: 10. | B13: Кутєхов Назарій Олександрович | D13: 4 | E13: н | F13: 5 | G13: н | H13: 4 | I13: н | K13: 4 | L13: н | M13: 4 | P13: 5 | Q13: н | R13: 3 | T13: н | U13: 2 | W13: н | X13: 3 | Z13: н | AA13: 2 | AB13: н | AC13: 3 | AE13: 4
A14: 11. | B14: Малюк Нікіта Сергійович | D14: н | E14: 4 | F14: н | H14: н | I14: 2 | J14: н | K14: н | L14: 3 | M14: 3 | Q14: 2 | S14: н | T14: 2 | U14: н | V14: 2 | X14: н | Y14: 2 | AA14: н | AB14: н | AC14: 2 | AD14: 3 | AE14: 2 | AF14: 3
A15: 12. | B15: Мезенцев Кирило Анатолійович | E15: н | G15: н | I15: н | K15: відрахований наказ №18-с/к від 04.04.26
A16: 13. | B16: Надіров Расім Аріфович | D16: н | F16: н | H16: н | J16: н | K16: академічна відпустка наказ №16-с/к від 25.02.26
A17: 14. | B17: Онищенко Ярослав Віталійович | D17: н | F17: н | H17: н | K17: відрахований наказ №17-с/к від 27.02.2026
A18: 15. | B18: Павлюк Дмитро Ігорович | C18: н | E18: н | G18: н | I18: н | J18: н | K18: відрахований наказ №26-с/к від 17.03.2026
A19: 16. | B19: Плетій Андрій Анатолійович | D19: н | F19: н | H19: н | J19: н | K19: відрахований наказ №18-с/к від 04.04.26
A20: 17. | B20: Портаненко Гліб Олександрович | D20: 4 | F20: 4 | H20: н | J20: н | K20: 4 | M20: 4 | P20: 4 | R20: 3 | T20: н | U20: 5 | W20: н | X20: 4 | Y20: н | Z20: 5 | AB20: 4 | AC20: 4 | AE20: 4
A21: 18. | B21: Ткаченко Кирило Сергійович | D21: н | E21: н | F21: 2 | G21: н | H21: н | I21: н | J21: 2 | K21: н | L21: 2 | M21: 2 | N21: 3 | Q21: 2 | S21: н | T21: 2 | U21: н | V21: н | W21: 2 | Y21: н | Z21: н | AA21: 2 | AB21: н | AC21: 2 | AD21: 3 | AE21: 2 | AF21: 3
A22: 19. | B22: Царюк Єгор Андрійович | D22: 5 | F22: 5 | H22: 5 | K22: 5 | M22: 5 | P22: 5 | R22: н | S22: 4 | U22: н | V22: 5 | X22: н | Y22: 4 | Z22: н | AA22: н | AB22: 5 | AC22: 5 | AE22: 5
A23: 20. | B23: Дорубайло Ілля Олексійович | D23: н | E23: 2 | F23: н | G23: 2 | I23: н | J23: н | K23: 2 | L23: н | M23: 2 | P23: 2 | Q23: н | R23: н | S23: 2 | T23: н | U23: н | V23: 2 | W23: н | X23: н | Z23: н | AB23: 2 | AC23: 2 | AE23: 2 | AF23: 3
A24: № | B24: Дата | C24: Години | D24: Тема заняття | M24: Домашня робота
A25: 1 | B25: 46050 | C25: 2 | D25: Теоретична соціологія | M25: Аблов А.Ф. Тема 1, ст.6-18
A26: 2 | B26: 46052 | C26: 2 | D26: Етапи розвитку соціології | M26: Тема 2, ст.19-37.
A27: 3 | B27: 46057 | C27: 2 | D27: Семінар. Етапи розвитку соціології | M27: тести
A28: 4 | B28: 46059 | C28: 2 | D28: Соціальні відносини та соціальні інститути | M28: Тема 2, ст.19-37.
A29: 5 | B29: 46064 | C29: 2 | D29: Соціальна структура суспільства | M29: Тема3, ст.38-45. Тема 5, ст.60-70.
A30: 6 | B30: 46066 | C30: 2 | D30: Соціологія особистості | M30: Тема 9, ст.96-102.
A31: 7 | B31: 46071 | C31: 2 | D31: Соціологія девіантної поведінки. | M31: Козирєв М.П. Розділ 16, ст.478-496.
A32: 8 | B32: 46073 | C32: 2 | D32: Семінар. Соціологія особистості. Соціологія девіантної поведінки. | M32: Розділ 11, ст.320-332.
A33: 9 | B33: 46078 | C33: 2 | D33: Соціологія економіки | M33: Аблов А.Ф. Тема 11,ст.111-117
A34: 10 | B34: 46080 | C34: 2 | D34: Соціологія конфлікту | M34: Розділ 10, ст.289-298.
A35: 11 | B35: 46085 | C35: 2 | D35: Соціологія політики. | M35: І.М. Лесік ст.24-30.
A36: 12 | B36: 46087 | C36: 2 | D36: Семінар. Соціологія конфлікту. Соціологія політики. | M36: тести
A37: 13 | B37: 46092 | C37: 2 | D37: Соціологія політики. | M37: Козирєв М.П. Розділ 10, ст.289-298.
A38: 14 | B38: 46094 | C38: 2 | D38: Семінар. Соціологія конфлікту. Соціологія політики | M38: тести
A39: 15 | B39: 46099 | C39: 2 | D39: Соціологія сім’ї та шлюбу. | M39: Аблов А.Ф. Тема 10, ст.103-111.
A40: 16 | B40: 46101 | C40: 2 | D40: Семінар. Соціологія сім’ї та шлюбу | M40: тести
A41: 17 | B41: 46106 | C41: 2 | D41: Соціологія молоді. | M41: Мачуліна І. І. ст.4-30.
A42: 18 | B42: 46108 | C42: 2 | D42: Семінар. Соціологія молоді. | M42: тести
A43: 19 | B43: 46113 | C43: 2 | D43: Гендерна соціологія. | M43: Розділ 14, ст. 411-428
A44: 20 | B44: 46115 | C44: 2 | D44: Основи соціології праці та управління. | M44: Тема 22. Розділ 2-3.
A45: 21 | B45: 46120 | C45: 2 | D45: Соціологія освіти | M45: М.В .Примуш. Тема 25, 1-3
A46: 22 | B46: 46121 | C46: 2 | D46: Соціологія громадської думки | M46: М.П. Лукашевич. Тема 13,1-3.
A47: 23 | B47: 46127 | C47: 2 | D47: Соціологія культури. | M47: М.В. Примуш. Тема 23-24
A48: 24 | B48: 46129 | C48: 2 | D48: Питання методології, методики та технології конкретно-соціологічних досліджень | R48: Козирєв М.П. Розділ 19, ст.572-584.
A49: 25 | B49: 46129 | C49: 2 | D49: Залік

Sheet Технічне обслуговування ЕОМ
B1: Назва дисципліни | C1: Технічне обслуговування ЕОМ (КМ-42)
B2: Викладач | C2: Науменко П.В.
A3: № | B3: ПІБ студента | C3: 45944 | D3: 45945 | E3: 45951 | F3: 45952 | G3: 45958 | H3: 45959 | I3: 45962 | J3: 45965 | K3: Тематична | M3: 45966 | N3: 45972 | O3: 45973 | P3: 45976 | Q3: 45979 | R3: 45980 | S3: 45986 | T3: 45987 | U3: Тематична | W3: 45993 | X3: 45994 | Y3: 46000 | Z3: 46001 | AA3: 46007 | AB3: 46008 | AC3: Тематична | AE3: Семестрова | AG3: 46050 | AH3: 46051 | AI3: 46057 | AJ3: 46058 | AK3: 46064 | AL3: 46065 | AM3: 46071 | AN3: 46072 | AO3: Тематична | AQ3: 46078 | AR3: 46079 | AS3: 46085 | AT3: 46086 | AU3: 46092 | AV3: 46093 | AW3: 46099 | AX3: 46100 | AY3: Тематична | BA3: 46106 | BB3: 46107 | BC3: 46113 | BD3: 46114 | BE3: 46120 | BF3: 46121 | BG3: 46127 | BH3: 46128 | BI3: Тематична | BK3: Семестрова | BM3: Захист КР | BO3: Іспит
A4: 1. | B4: Гриценко Денис Сергійович | C4: н | E4: н | F4: н | G4: н | H4: н | I4: н | J4: н | K4: н/а | M4: н | N4: н | O4: н | P4: н | Q4: н | R4: н | S4: н | T4: н | U4: н/а | W4: н | X4: н | Y4: н | Z4: н | AA4: н | AB4: н | AC4: н/а | AE4: н/а | AG4: н | AH4: н | AI4: н | AJ4: н | AK4: н | AL4: н | AM4: н | AN4: н | AO4: н/а | AQ4: н | AR4: н | AS4: н | AT4: н | AU4: відрахований наказ №17-с/к від 27.02.2026
A5: 2. | B5: Гришков Едуард Сергійович | C5: н | D5: н | E5: н | F5: н | G5: н | H5: н | I5: н | J5: н | K5: н/а | M5: н | N5: н | O5: н | P5: н | Q5: н | R5: н | S5: н | T5: н | U5: н/а | W5: н | X5: н | Y5: н | Z5: н | AA5: н | AB5: н | AC5: н/а | AE5: н/а | AG5: н | AH5: н | AI5: н | AJ5: н | AK5: н | AL5: н | AM5: н | AN5: н | AO5: н/а | AQ5: н | AR5: н | AS5: н | AT5: н | AU5: н | AV5: н | AW5: н | AX5: н | BA5: н | BB5: н | BC5: відрахований наказ №29-с/к від 27.03.26
A6: 3. | B6: Дворник Іван Миколайович | C6: н | E6: н | F6: н | G6: н | H6: н | I6: н | K6: н/а | L6: 3 | M6: н | N6: н | O6: н | P6: н | Q6: 4 | R6: н | S6: 2 | T6: н | U6: 3 | X6: н | Y6: 5 | AB6: 3 | AC6: 4 | AE6: н/а | AF6: 3 | AG6: н | AH6: н | AI6: н | AJ6: н | AK6: н | AL6: н | AM6: н | AN6: н | AO6: н/а | AP6: 3 | AQ6: н | AR6: н | AS6: н | AT6: н | AU6: н | AV6: 2 | AW6: 2 | AX6: 4 | AY6: 3 | BA6: н | BB6: н | BC6: н | BD6: н | BE6: н | BF6: н | BG6: н | BH6: н | BI6: н/а | BJ6: 3 | BK6: 3 | BM6: 3 | BO6: 3
A7: 4. | B7: Демченко Максим Сергійович | C7: н | D7: н | E7: н | F7: н | G7: н | H7: н | I7: н | J7: н | K7: н/а | M7: н | N7: н | O7: н | P7: н | Q7: н | R7: н | S7: н | T7: н | U7: н/а | W7: н | X7: н | Y7: н | Z7: н | AA7: н | AB7: н | AC7: н/а | AE7: н/а | AG7: н | AH7: н | AI7: н | AJ7: н | AK7: н | AL7: н | AM7: н | AN7: н | AO7: відрахований наказ №15-с/к від 18.02.2026
A8: 5. | B8: Івахненко Олександр Олександрович | C8: н | D8: н | E8: н | F8: н | G8: н | H8: н | I8: н | J8: н | K8: н/а | M8: н | N8: н | O8: н | P8: н | Q8: н | R8: н | S8: н | T8: н | U8: н/а | W8: н | X8: н | Y8: н | Z8: н | AA8: н | AB8: н | AC8: н/а | AE8: н/а | AG8: н | AH8: н | AI8: н | AJ8: н | AK8: н | AL8: н | AM8: н | AN8: н | AO8: академічна відпустка наказ №14-с/к від 16.02.26
A9: 6. | B9: Ішков Леонід Вікторович | E9: 3 | H9: 4 | J9: 2 | K9: 3 | M9: 3 | Q9: 5 | S9: 3 | T9: 4 | U9: 4 | Y9: 4 | AB9: 5 | AC9: 5 | AE9: 4 | AI9: 5 | AJ9: 5 | AN9: 5 | AO9: 5 | AR9: 5 | AS9: 4 | AV9: 5 | AW9: 3 | AX9: 4 | AY9: 4 | BA9: 4 | BB9: 4 | BD9: 5 | BE9: 4 | BF9: 4 | BI9: 4 | BK9: 4 | BM9: 5 | BO9: 5
A10: 7. | B10: Каратаєв Данііл Сергійович | D10: н | E10: 3 | F10: 2 | G10: н | H10: н | I10: н | J10: 3 | K10: 3 | M10: н | P10: н | Q10: 2 | S10: 5 | T10: 5 | U10: 4 | Y10: н | AB10: 3 | AC10: н/а | AD10: 3 | AE10: н/а | AF10: 3 | AI10: н | AJ10: н | AK10: н | AL10: н | AM10: н | AN10: н | AO10: н/а | AP10: 4 | AQ10: н | AR10: н | AS10: н | AT10: н | AV10: 5 | AW10: 3 | AX10: 4 | AY10: 4 | BA10: 4 | BB10: 5 | BD10: 2 | BE10: 4 | BF10: 5 | BI10: 4 | BK10: 4 | BM10: 5 | BO10: 5
A11: 8. | B11: Кисляков Дмитро Олександрович | E11: 3 | F11: н | H11: 4 | J11: 5 | K11: 4 | M11: 4 | O11: н | Q11: 5 | R11: н | S11: н | T11: 4 | U11: 4 | Y11: 5 | AB11: 5 | AC11: 5 | AE11: 4 | AI11: 5 | AJ11: 5 | AN11: 5 | AO11: 5 | AR11: 5 | AS11: 4 | AV11: 5 | AW11: 3 | AX11: 4 | AY11: 4 | BA11: 4 | BB11: 4 | BD11: 5 | BE11: 4 | BF11: 4 | BI11: 4 | BK11: 4 | BM11: 5 | BO11: 5
A12: 9. | B12: Ковальчук Арсеній Борисович | C12: н | D12: н | E12: н | F12: н | G12: н | H12: н | I12: н | J12: н | K12: н/а | M12: н | N12: н | O12: н | P12: н | Q12: н | R12: н | S12: н | T12: н | U12: н/а | W12: н | X12: н | Y12: н | Z12: н | AA12: н | AB12: н | AC12: н/а | AE12: н/а | AG12: н | AH12: н | AI12: н | AJ12: н | AK12: н | AL12: н | AM12: н | AN12: н | AO12: н/а | AQ12: н | AR12: н | AS12: н | AT12: н | AU12: відрахований наказ №17-с/к від 27.02.2026
A13: 10. | B13: Кутєхов Назарій Олександрович | C13: н | D13: н | E13: н | F13: н | G13: н | H13: н | I13: н | J13: н | K13: н/а | L13: 3 | M13: н | N13: н | O13: н | P13: н | Q13: н | R13: н | S13: н | T13: н | U13: н/а | V13: 3 | W13: н | X13: н | Y13: н | Z13: н | AA13: н | AB13: н | AC13: н/а | AD13: 3 | AE13: н/а | AF13: 3 | AG13: н | AH13: н | AI13: н | AJ13: н | AK13: н | AL13: н | AM13: н | AN13: н | AO13: н/а | AP13: 3 | AQ13: н | AR13: н | AS13: н | AT13: н | AU13: н | AV13: н | AW13: н | AX13: н | AY13: н/а | AZ13: 3 | BA13: н | BB13: н | BC13: н | BD13: н | BE13: н | BF13: н | BG13: н | BH13: н | BI13: н/а | BJ13: 3 | BK13: 3 | BM13: 4 | BO13: 4
A14: 11. | B14: Малюк Нікіта Сергійович | C14: н | D14: н | E14: н | G14: н | H14: 2 | I14: н | K14: н/а | L14: 3 | M14: н | N14: н | O14: н | P14: н | Q14: н | R14: н | S14: 2 | T14: н | U14: н/а | V14: 3 | Y14: 5 | AB14: 2 | AC14: 3 | AE14: н/а | AF14: 3 | AG14: н | AH14: н | AI14: н | AJ14: н | AK14: н | AL14: н | AM14: н | AN14: н | AO14: н/а | AP14: 3 | AQ14: н | AR14: н | AS14: н | AT14: н | AV14: 5 | AW14: 2 | AX14: 2 | AY14: 3 | BA14: н | BB14: 3 | BC14: н | BD14: н | BE14: н | BF14: н | BG14: н | BH14: н | BI14: н/а | BJ14: 3 | BK14: 3 | BM14: 3 | BO14: 3
A15: 12. | B15: Мезенцев Кирило Анатолійович | C15: н | D15: н | E15: н | F15: н | G15: н | H15: н | I15: н | J15: н | K15: н/а | M15: н | N15: н | O15: н | P15: н | Q15: н | R15: н | S15: н | T15: н | U15: н/а | W15: н | X15: н | Y15: н | Z15: н | AA15: н | AB15: н | AC15: н/а | AE15: н/а | AG15: н | AH15: н | AI15: н | AJ15: н | AK15: н | AL15: н | AM15: н | AN15: н | AO15: н/а | AQ15: н | AR15: н | AS15: н | AT15: н | AU15: відрахований наказ №18-с/к від 04.04.26
A16: 13. | B16: Надіров Расім Аріфович | C16: н | D16: н | E16: н | F16: н | G16: н | H16: н | I16: н | J16: н | K16: н/а | M16: н | N16: н | O16: н | P16: н | Q16: н | R16: н | S16: н | T16: н | U16: н/а | W16: н | X16: н | Y16: н | Z16: н | AA16: н | AB16: н | AC16: н/а | AE16: н/а | AG16: н | AH16: н | AI16: н | AJ16: н | AK16: н | AL16: н | AM16: н | AN16: н | AO16: н/а | AQ16: н | AR16: н | AS16: н | AT16: н | AU16: академічна відпустка наказ №16-с/к від 25.02.26
A17: 14. | B17: Онищенко Ярослав Віталійович | C17: н | D17: н | E17: н | F17: н | G17: н | H17: н | I17: н | J17: н | K17: н/а | M17: н | N17: н | O17: н | P17: н | Q17: н | R17: н | S17: н | T17: н | U17: н/а | W17: н | X17: н | Y17: н | Z17: н | AA17: н | AB17: н | AC17: н/а | AE17: н/а | AG17: н | AH17: н | AI17: н | AJ17: н | AK17: н | AL17: н | AM17: н | AN17: н | AO17: н/а | AQ17: н | AR17: н | AS17: н | AT17: н | AU17: відрахований наказ №17-с/к від 27.02.2026
A18: 15. | B18: Павлюк Дмитро Ігорович | C18: н | E18: н | F18: н | G18: н | H18: н | I18: н | J18: н | K18: н/а | M18: н | N18: н | O18: н | P18: н | Q18: н | R18: н | S18: н | T18: н | U18: н/а | W18: н | X18: н | Y18: н | Z18: н | AA18: н | AB18: н | AC18: н/а | AE18: н/а | AG18: н | AH18: н | AI18: н | AJ18: н | AK18: н | AL18: н | AM18: н | AN18: н | AO18: н/а | AQ18: н | AR18: н | AS18: н | AT18: н | AU18: відрахований наказ №26-с/к від 17.03.2026
A19: 16. | B19: Плетій Андрій Анатолійович | C19: н | D19: н | E19: н | F19: н | G19: н | H19: н | I19: н | J19: н | K19: н/а | M19: н | N19: н | O19: н | P19: н | Q19: н | R19: н | S19: н | T19: н | U19: н/а | W19: н | X19: н | Y19: н | Z19: н | AA19: н | AB19: н | AC19: н/а | AE19: н/а | AG19: н | AH19: н | AI19: н | AJ19: н | AK19: н | AL19: н | AM19: н | AN19: н | AO19: н/а | AQ19: н | AR19: н | AS19: н | AT19: н | AU19: відрахований наказ №18-с/к від 04.04.26
A20: 17. | B20: Портаненко Гліб Олександрович | E20: н | F20: н | G20: н | H20: н | I20: н | K20: н/а | L20: 3 | M20: 2 | N20: н | O20: н | P20: н | Q20: н | R20: н | S20: н | T20: н | U20: н/а | V20: 3 | X20: н | Y20: 3 | Z20: н | AB20: 2 | AC20: 3 | AE20: н/а | AF20: 3 | AG20: н | AH20: н | AI20: н | AJ20: н | AK20: н | AL20: н | AM20: н | AN20: н | AO20: н/а | AP20: 3 | AQ20: н | AR20: н | AS20: н | AT20: н | AU20: н | AV20: н | AW20: н | AX20: н | AY20: н/а | AZ20: 3 | BA20: н | BB20: н | BC20: н | BD20: н | BE20: н | BF20: н | BG20: н | BI20: н/а | BJ20: 3 | BK20: 3 | BM20: 3 | BO20: 3
A21: 18. | B21: Ткаченко Кирило Сергійович | E21: 2 | F21: н | G21: н | H21: н | I21: н | K21: н/а | L21: 3 | M21: 3 | O21: н | Q21: 3 | R21: н | S21: н | T21: н | U21: 3 | Y21: н | Z21: н | AB21: 3 | AC21: н/а | AD21: 3 | AE21: н/а | AF21: 3 | AI21: н | AK21: н | AM21: н | AO21: н/а | AP21: 3 | AQ21: н | AR21: н | AS21: н | AT21: н | AV21: н | AW21: 2 | AX21: 2 | AY21: н/а | AZ21: 3 | BA21: 4 | BB21: 3 | BD21: 2 | BE21: 3 | BF21: 4 | BG21: н | BH21: н | BI21: 3 | BK21: 3 | BM21: 3 | BO21: 4
A22: 19. | B22: Царюк Єгор Андрійович | E22: 2 | F22: н | H22: н | I22: н | K22: н/а | L22: 3 | M22: н | N22: н | P22: н | Q22: н | S22: н | T22: н | U22: н/а | V22: 3 | W22: н | Y22: н | AA22: н | AB22: 4 | AC22: н/а | AD22: 4 | AE22: н/а | AF22: 3 | AH22: н | AI22: 4 | AJ22: н | AK22: 5 | AL22: н | AO22: 4 | AR22: 5 | AS22: 4 | AV22: 5 | AW22: 3 | AX22: 5 | AY22: 4 | BA22: н | BB22: 3 | BC22: 4 | BD22: 3 | BE22: н | BF22: 5 | BG22: н | BI22: 4 | BK22: 4 | BM22: 5 | BO22: 5
A23: 20 | B23: Дорубайло Ілля Олексійович | AG23: н | AH23: н | AI23: н | AJ23: н | AK23: н | AL23: н | AM23: н | AN23: н | AO23: н/а | AQ23: н | AR23: н | AS23: н | AT23: н | AU23: н | AV23: н | AW23: н | AX23: н | AY23: н/а | BA23: н | BB23: н | BC23: н | BD23: н | BE23: н | BF23: н | BG23: н | BH23: н | BI23: н/а | BK23: н/а
A24: № | B24: Дата | C24: Години | D24: Тема заняття | M24: Домашня робота
A25: 1 | B25: 45944 | C25: 2 | D25: Основні відомості про технічне обслуговування ЕОМ.
A26: 2 | B26: 45945 | C26: 2 | D26: Принципи побудови та організації експлуатації ЕОМ. Типи та компоненти комп’ютерних систем.
A27: 3 | B27: 45951 | C27: 2 | D27: Фактори, що впливають на коректну роботу ЕОМ.
A28: 4 | B28: 45952 | C28: 2 | D28: Практ. роб. з Основні відомості про технічне обслуговування ЕОМ. Принципи побудови ЕОМ.
A29: 5 | B29: 45958 | C29: 2 | D29: Практ. роб. з Організація експлуатації ЕОМ. Типи та компоненти комп’ютерних систем. Фактори, що впливають на коректну роботу ПК.
A30: 6 | B30: 45959 | C30: 2 | D30: Схеми контролю ЕОМ.
A31: 7 | B31: 45962 | C31: 2 | D31: Апаратний та програмний контроль пристроїв ЕОМ.
A32: 8 | B32: 45965 | C32: 2 | D32: Програмне забезпечення для діагностики та для оптимізації роботи ПК.
A33: 9 | B33: 45966 | C33: 2 | D33: Практ. роб. з Основи побудови схемного контролю ПК. Апаратурний контроль пристроїв ЕОМ. Профілактичне технічне обслуговування складових апаратури ПК.
A34: 10 | B34: 45972 | C34: 2 | D34: Практ. роб. з Програмні засоби контролю ЕОМ. Програмне забезпечення для діагностики та для оптимізації роботи ПК.
A35: 11 | B35: 45973 | C35: 2 | D35: Конструкція корпусів ПК та їх компоненти.
A36: 12 | B36: 45976 | C36: 2 | D36: Блоки живлення: компоненти та характеристики.
B37: листопад | C37: 24
A38: 13 | B38: 45979 | C38: 2 | D38: Системні плати, їх типорозміри та класифікація.
A39: 14 | B39: 45980 | C39: 2 | D39: Практ. роб. з Конструкція корпусів ПК та їх компоненти. Блоки живлення: компоненти та характеристики.
A40: 15 | B40: 45986 | C40: 2 | D40: Практ. роб. з Системні плати, їх типорозміри та класифікація.
A41: 16 | B41: 45987 | C41: 2 | D41: Монтаж та демонтаж персонального комп’ютера. Послідовність дій під час демонтажу.
A42: 17 | B42: 45993 | C42: 2 | D42: Установка системної плати та її компонентів.
A43: 18 | B43: 45994 | C43: 2 | D43: Модернізація комп'ютера. Підключення нового пристрою.
A44: 19 | B44: 46000 | C44: 2 | D44: Практ. роб. з Монтаж та демонтаж персонального комп’ютера.
A45: 20 | B45: 46001 | C45: 2 | D45: Практ. роб. з Послідовність дій під час демонтажу.
B46: грудень | C46: 16
A47: 21 | B47: 46007 | C47: 2 | D47: Практ. роб. з Установка системної плати та її компонентів.
A48: 22 | B48: 46008 | C48: 2 | D48: Практ. роб. з Модернізація комп'ютера. Підключення нового пристрою.
B49: січень | C49: 4
A50: 23 | B50: 46050 | C50: 2 | D50: Інструменти та прилади. Кріпильні елементи та деталі.
A51: 24 | B51: 46051 | C51: 2 | D51: Кріпильні елементи та деталі.
A52: 25 | B52: 46057 | C52: 2 | D52: Практ. роб. з Інструменти та прилади. Кріпильні елементи та деталі.
A53: 26 | B53: 46058 | C53: 2 | D53: Логічний пробник та пульсатор.
A54: 27 | B54: 46064 | C54: 2 | D54: Практ. роб. з Логічний пробник та пульсатор.
A55: 28 | B55: 46065 | C55: 2 | D55: Профілактичне обслуговування ПК.
A56: 29 | B56: 46071 | C56: 2 | D56: Методи активного та пасивного профілактичного обслуговування.
B57: лютий | C57: 14
A58: 30 | B58: 46072 | C58: 2 | D58: Практ. роб. з Профілактичне обслуговування ПК.
A59: 31 | B59: 46078 | C59: 2 | D59: Практ. роб. з Методи активного та пасивного профілактичного обслуговування.
A60: 32 | B60: 46079 | C60: 2 | D60: Профілактика периферійного обладнання.
A61: 33 | B61: 46085 | C61: 2 | D61: Обслуговування системних блоків ПК та їх компонентів.
A62: 34 | B62: 46086 | C62: 2 | D62: Клавіатура і миша: чистка, діагностика та пошук несправностей.
A63: 35 | B63: 46092 | C63: 2 | D63: Профілактика програмного забезпечення.
A64: 36 | B64: 46093 | C64: 2 | D64: Практ. роб. з Профілактика периферійного обладнання. Обслуговування системних блоків ПК та їх компонентів.
A65: 37 | B65: 46099 | C65: 2 | D65: Практ. роб. з Клавіатура і миша: чистка, діагностика та пошук несправностей.
A66: 38 | B66: 46100 | C66: 2 | D66: Практ. роб. з Профілактика програмного забезпечення.
B67: березень | C67: 18
A68: 39 | B68: 45741 | C68: 2 | D68: Самоперевірка при включенні комп’ютера.
A69: 40 | B69: 46107 | C69: 2 | D69: BIOS та її налаштування. Програма POST.
A70: 41 | B70: 46113 | C70: 2 | D70: Практ. роб. з Самоперевірка при включенні комп’ютера.
A71: 42 | B71: 46114 | C71: 2 | D71: Практ. роб. з BIOS та її налаштування. Програма POST.
A72: 43 | B72: 46120 | C72: 2 | D72: Початкове налагодження системи. Розбиття жорсткого диска на логічні диски.
A73: 44 | B73: 46121 | C73: 2 | D73: Вибір файлової системи. Встановлення пристроїв ПК.драйверів
A74: 45 | B74: 46127 | C74: 2 | D74: Практ. роб. з Початкове налагодження системи. Розбиття жорсткого диска на логічні диски.
A75: 46 | B75: 46128 | C75: 2 | D75: Практ. роб. з Вибір файлової системи. Встановлення пристроїв ПК.драйверів.
C76: 16
B77: 46137 | D77: Консультація до захисту КР
B79: 46139 | C79: 21.36 | D79: Захист КР
B81: 46141 | C81: 2 | D81: Консультація до екзамену
B83: 46142 | C83: 2.6 | D83: Екзамен
D84: За планом 92 години. Фактично виконано 92 години. З них в дистанційному режимі 66 годин. Програму виконано.
